,TrackURI,track,acousticness,instrumentalness,energy,speechiness,liveness,loudness,danceability,tempo,valence
0,spotify:track:2ufLEVbzvEcJ3subW8jBUp,,,,,,,,,,
1,spotify:track:4sNiMTu47WkUgW87qeUlWF,Mere Rashke Qamar,0.404,2.5e-05,0.83,0.0505,0.124,-5.488,0.718,105.012,0.771
2,spotify:track:4tMwHkxBwnGkts9mxFpwQy,Medley: Kehna Galat Galat / Halka Halka Suroor,0.484,0.0,0.506,0.037,0.0944,-8.579,0.731,114.986,0.703
3,spotify:track:5wNpnKRUxbPoIpDXFZ5NkU,Sochta Houn,0.356,0.000605,0.634,0.132,0.0733,-5.895,0.8,100.001,0.46
4,spotify:track:46Y6dCrKdAiQeelp9px3ww,Dil Pe Zakhm,0.293,1.13e-05,0.755,0.0463,0.141,-6.573,0.377,91.789,0.665
5,spotify:track:0Iz4CkptElGHo16r797Jsb,"Dekhte Dekhte (From ""Batti Gul Meter Chalu"")",0.424,0.0,0.828,0.0782,0.145,-4.846,0.799,105.04,0.627
6,spotify:track:7nr3RAMpV11jb07Rw2sfzk,Dil Pe Zakham Khate Hain,0.173,0.433,0.55,0.189,0.0937,-7.747,0.788,101.953,0.497
7,spotify:track:4faUCG0CdNgMx0NkMMseOl,Dillagi,0.385,0.0,0.759,0.047,0.162,-4.029,0.585,139.986,0.512
8,spotify:track:1bjVZ85Wr90swSeNub1F79,Kali Kali Zulfon Ke Phande Na Dalo,0.573,0.0,0.694,0.0621,0.874,-8.486,0.4,153.902,0.727
9,spotify:track:1bJAynHEPbXhmaezqhnPTu,Tumhe Dil Lagi Bhool Jani Padegi,0.17,0.0,0.642,0.246,0.262,-11.835,0.514,78.657,0.81
10,spotify:track:7cWnks0lsRtpAi87COOiXK,O Re Piya,0.779,0.000565,0.532,0.0328,0.124,-8.837,0.586,99.994,0.494
11,spotify:track:3nKEiJUeaWn8q2O9I1xwlB,Shukran Allah,0.732,0.0014,0.695,0.111,0.274,-8.022,0.432,116.153,0.513
12,spotify:track:74AqVxZ3oXwJ8olHssBUG3,Ainvayi Ainvayi,0.0339,0.0046,0.742,0.0413,0.0928,-7.571,0.689,155.986,0.876
13,spotify:track:5DyYcwMw0f6z3FefXNLOHv,Ishq Hua,0.657,0.00552,0.745,0.108,0.117,-7.914,0.405,87.452,0.751
14,spotify:track:7CDP4uXu6mkBDzaTOx9yTS,Aadat Se Majboor,0.359,3.01e-05,0.629,0.0788,0.101,-7.812,0.836,115.048,0.801
15,spotify:track:2Bn2JQAGZzxe09jFzm1SqJ,Aaja Nachle,0.417,6.32e-05,0.878,0.177,0.332,-6.879,0.771,120.003,0.84
16,spotify:track:1opxtm6zIv7IF19S0eCtvV,Thug Le,0.0992,2.94e-05,0.788,0.0687,0.103,-5.514,0.768,112.988,0.931
17,spotify:track:6D3vmtskO4RbZP3bBIDY3X,Chak De India,0.54,1.55e-05,0.894,0.0993,0.141,-8.544,0.755,104.985,0.799
18,spotify:track:2aHz87L2Z4a0ZEQ7vMlH8z,Badal Pe Paon Hai,0.0717,0.00232,0.788,0.0373,0.0936,-9.607,0.649,104.999,0.869
19,spotify:track:4faUCG0CdNgMx0NkMMseOl,Dillagi,0.385,0.0,0.759,0.047,0.162,-4.029,0.585,139.986,0.512
20,spotify:track:7cWnks0lsRtpAi87COOiXK,O Re Piya,0.779,0.000565,0.532,0.0328,0.124,-8.837,0.586,99.994,0.494
21,spotify:track:3nKEiJUeaWn8q2O9I1xwlB,Shukran Allah,0.732,0.0014,0.695,0.111,0.274,-8.022,0.432,116.153,0.513
22,spotify:track:74AqVxZ3oXwJ8olHssBUG3,Ainvayi Ainvayi,0.0339,0.0046,0.742,0.0413,0.0928,-7.571,0.689,155.986,0.876
23,spotify:track:5DyYcwMw0f6z3FefXNLOHv,Ishq Hua,0.657,0.00552,0.745,0.108,0.117,-7.914,0.405,87.452,0.751
24,spotify:track:7CDP4uXu6mkBDzaTOx9yTS,Aadat Se Majboor,0.359,3.01e-05,0.629,0.0788,0.101,-7.812,0.836,115.048,0.801
25,spotify:track:2Bn2JQAGZzxe09jFzm1SqJ,Aaja Nachle,0.417,6.32e-05,0.878,0.177,0.332,-6.879,0.771,120.003,0.84
26,spotify:track:1opxtm6zIv7IF19S0eCtvV,Thug Le,0.0992,2.94e-05,0.788,0.0687,0.103,-5.514,0.768,112.988,0.931
27,spotify:track:6D3vmtskO4RbZP3bBIDY3X,Chak De India,0.54,1.55e-05,0.894,0.0993,0.141,-8.544,0.755,104.985,0.799
28,spotify:track:2aHz87L2Z4a0ZEQ7vMlH8z,Badal Pe Paon Hai,0.0717,0.00232,0.788,0.0373,0.0936,-9.607,0.649,104.999,0.869
29,spotify:track:4faUCG0CdNgMx0NkMMseOl,Dillagi,0.385,0.0,0.759,0.047,0.162,-4.029,0.585,139.986,0.512
30,spotify:track:7cWnks0lsRtpAi87COOiXK,O Re Piya,0.779,0.000565,0.532,0.0328,0.124,-8.837,0.586,99.994,0.494
31,spotify:track:3nKEiJUeaWn8q2O9I1xwlB,Shukran Allah,0.732,0.0014,0.695,0.111,0.274,-8.022,0.432,116.153,0.513
32,spotify:track:74AqVxZ3oXwJ8olHssBUG3,Ainvayi Ainvayi,0.0339,0.0046,0.742,0.0413,0.0928,-7.571,0.689,155.986,0.876
33,spotify:track:5DyYcwMw0f6z3FefXNLOHv,Ishq Hua,0.657,0.00552,0.745,0.108,0.117,-7.914,0.405,87.452,0.751
34,spotify:track:7CDP4uXu6mkBDzaTOx9yTS,Aadat Se Majboor,0.359,3.01e-05,0.629,0.0788,0.101,-7.812,0.836,115.048,0.801
35,spotify:track:2Bn2JQAGZzxe09jFzm1SqJ,Aaja Nachle,0.417,6.32e-05,0.878,0.177,0.332,-6.879,0.771,120.003,0.84
36,spotify:track:1opxtm6zIv7IF19S0eCtvV,Thug Le,0.0992,2.94e-05,0.788,0.0687,0.103,-5.514,0.768,112.988,0.931
37,spotify:track:6D3vmtskO4RbZP3bBIDY3X,Chak De India,0.54,1.55e-05,0.894,0.0993,0.141,-8.544,0.755,104.985,0.799
38,spotify:track:2aHz87L2Z4a0ZEQ7vMlH8z,Badal Pe Paon Hai,0.0717,0.00232,0.788,0.0373,0.0936,-9.607,0.649,104.999,0.869
39,spotify:track:4faUCG0CdNgMx0NkMMseOl,Dillagi,0.385,0.0,0.759,0.047,0.162,-4.029,0.585,139.986,0.512
40,spotify:track:7cWnks0lsRtpAi87COOiXK,O Re Piya,0.779,0.000565,0.532,0.0328,0.124,-8.837,0.586,99.994,0.494
41,spotify:track:3nKEiJUeaWn8q2O9I1xwlB,Shukran Allah,0.732,0.0014,0.695,0.111,0.274,-8.022,0.432,116.153,0.513
42,spotify:track:74AqVxZ3oXwJ8olHssBUG3,Ainvayi Ainvayi,0.0339,0.0046,0.742,0.0413,0.0928,-7.571,0.689,155.986,0.876
43,spotify:track:5DyYcwMw0f6z3FefXNLOHv,Ishq Hua,0.657,0.00552,0.745,0.108,0.117,-7.914,0.405,87.452,0.751
44,spotify:track:7CDP4uXu6mkBDzaTOx9yTS,Aadat Se Majboor,0.359,3.01e-05,0.629,0.0788,0.101,-7.812,0.836,115.048,0.801
45,spotify:track:2Bn2JQAGZzxe09jFzm1SqJ,Aaja Nachle,0.417,6.32e-05,0.878,0.177,0.332,-6.879,0.771,120.003,0.84
46,spotify:track:1opxtm6zIv7IF19S0eCtvV,Thug Le,0.0992,2.94e-05,0.788,0.0687,0.103,-5.514,0.768,112.988,0.931
47,spotify:track:6D3vmtskO4RbZP3bBIDY3X,Chak De India,0.54,1.55e-05,0.894,0.0993,0.141,-8.544,0.755,104.985,0.799
48,spotify:track:2aHz87L2Z4a0ZEQ7vMlH8z,Badal Pe Paon Hai,0.0717,0.00232,0.788,0.0373,0.0936,-9.607,0.649,104.999,0.869
49,spotify:track:4faUCG0CdNgMx0NkMMseOl,Dillagi,0.385,0.0,0.759,0.047,0.162,-4.029,0.585,139.986,0.512
50,spotify:track:251PNRmJU9KcUnFQAB5t6I,Kal Ho Naa Ho,0.334,0.000144,0.529,0.0352,0.078,-8.402,0.532,81.989,0.295
51,spotify:track:3WVHfTd7xz9VPYJQFpOp8j,Main Agar Kahoon,0.234,3.17e-06,0.436,0.0276,0.46,-7.521,0.533,146.868,0.371
52,spotify:track:73y649QhnXdcm6fRdvfraO,Abhi Mujh Mein Kahin,0.755,3.94e-05,0.387,0.0332,0.113,-9.483,0.334,129.959,0.42
53,spotify:track:1uzkWkIaWaxzHJgJ4Fy5rO,Bole Chudiyan,0.45,1.18e-05,0.875,0.171,0.164,-5.294,0.59,96.915,0.736
54,spotify:track:3nKEiJUeaWn8q2O9I1xwlB,Shukran Allah,0.732,0.0014,0.695,0.111,0.274,-8.022,0.432,116.153,0.513
55,spotify:track:6oUK2k9OJ0WvmVveyauFB7,Mere Haath Mein,0.578,0.000183,0.606,0.0722,0.11,-12.312,0.554,93.922,0.584
56,spotify:track:1ax8ZuwRVkSdzzsIqyCNWQ,Tumse Milke Dil Ka,0.0642,1.87e-06,0.745,0.109,0.0274,-8.636,0.853,107.985,0.882
57,spotify:track:7Czm0vv2sYL5z4P51KY66e,Maahi Ve,0.0297,2e-05,0.833,0.0769,0.33,-6.117,0.815,99.989,0.563
58,spotify:track:1FSYDJAlyHAabWhiGgYfDq,"52 Non Stop Dilbar Dilbar Remix(Remix By Kedrock,Sd Style)",0.0593,1.28e-05,0.837,0.0794,0.157,-4.501,0.521,106.001,0.48
59,spotify:track:6uQkoo1UGWThtEpNEYc6Ga,"Sapna Jahan (From ""Brothers"")",0.78,0.0021,0.329,0.0312,0.117,-11.958,0.471,126.107,0.144
60,spotify:track:3ci9YeXRulpmFPDvqneVwc,"Chura Liya Hai Tumne Jo Dil Ko (From ""Yaadon Ki Baaraat"")",0.857,1.88e-06,0.318,0.0317,0.11,-11.106,0.559,80.242,0.684
61,spotify:track:6boYaYafMoyPZAw8VMasNm,"Kitaben Bahut Si (From ""Baazigar"")",0.423,8.56e-05,0.721,0.0696,0.0587,-7.53,0.619,97.32,0.808
62,spotify:track:2oaKoKA8bvgWfBi9M8wEVJ,Abhi Na Jao Chhod Kar,0.79,0.0,0.31,0.0371,0.341,-13.287,0.569,97.244,0.587
63,spotify:track:0wnLMEOQlyW3Es1ag0HMVV,Radha Kaise Na Jale,0.229,0.0,0.505,0.323,0.0975,-9.236,0.729,148.435,0.723
64,spotify:track:4AfLtSXcvG8AkfQjDR0gJ1,Zara Sa Jhoom Loon Main,0.682,6.93e-05,0.553,0.0764,0.191,-12.537,0.606,130.657,0.868
65,spotify:track:1akzSqvnTzAxlyWYqTZcJX,Sharara,0.384,0.00234,0.891,0.449,0.335,-8.655,0.602,94.975,0.548
66,spotify:track:1JHNf1BPNDQEVZehemIDay,"O Haseena Zulfonwale Jane Jahan (From ""Teesri Manzil"")",0.682,5.57e-06,0.649,0.0587,0.3,-5.197,0.378,92.989,0.78
67,spotify:track:2Hf0Puh1w4HvTae2HSw6Hu,Nee Partha,0.783,0.0185,0.215,0.0306,0.103,-12.825,0.402,109.775,0.167
68,spotify:track:2Hs659VSIWrtetYzclXVP6,Le Gayi,0.185,0.000937,0.737,0.0497,0.153,-11.51,0.831,125.552,0.82
70,spotify:track:4ttVAE1UfmqNiMREb3NAci,Nabi Nabi,0.595,0.0,0.342,0.497,0.0777,-14.083,0.635,114.189,0.908
71,spotify:track:6dP9Gms8qpGHEY4BH2sawG,"Nabi Nabi Ya Nabi Nabi, Pt. 2",0.663,3.3e-05,0.469,0.547,0.164,-13.73,0.715,116.529,0.876
72,spotify:track:4DyKMVc0HhZlKWZczeUoFk,Teri Soorat Nigahon Mein,0.668,2.83e-06,0.302,0.308,0.0778,-24.727,0.555,118.4,0.565
73,spotify:track:3OTf2UOhzypXJ8TFzuFDKv,"Nabi Nabi Ya Nabi Nabi, Pt. 1",0.551,9.47e-05,0.488,0.524,0.255,-12.989,0.592,108.248,0.833
74,spotify:track:760aj6eKUUjKcnzt8nhB81,Teri Soorat ( Main Sharabi Sharabi ),0.791,0.0,0.49,0.523,0.802,-12.664,0.622,116.132,0.767
75,spotify:track:00rVekE3sG3lNZVhsjCHhs,Ya Mohammad Noore,0.233,0.0,0.72,0.19,0.343,-6.045,0.476,141.952,0.73
76,spotify:track:34dZ5aqESxsXrMFItk62UY,Allah Hi Jane Kaun,0.94,2.8e-06,0.306,0.513,0.285,-11.432,0.586,99.958,0.801
77,spotify:track:3wBEQoFVrL653ykfuCmGHq,Rang,0.774,1.08e-05,0.543,0.0771,0.797,-15.744,0.511,109.954,0.84
78,spotify:track:0majH6rThjnxL7Y1IslIVe,Humen To Loot Liya Milke,0.652,0.0,0.763,0.51,0.665,-7.121,0.487,112.736,0.599
79,spotify:track:3IEpNMZRSrcpzIAxT93HWU,Baksh Deta To Baat,0.788,0.0,0.682,0.487,0.482,-7.481,0.494,135.619,0.639
80,spotify:track:2xRtXbFAmk3cW6xE1zF7ye,Tu Jhoom,0.255,0.000414,0.481,0.0395,0.0909,-8.949,0.42,84.794,0.0594
81,spotify:track:3jc9nAmyU3V9JPwXYRJUkl,Heartbroken,0.535,0.000132,0.896,0.187,0.0705,-4.282,0.737,89.985,0.708
82,spotify:track:2NV1DaIWyiMVtLC4PCH3im,Groove Mera - Pakistan Super League,0.0298,0.0,0.831,0.21,0.259,-5.27,0.618,142.41,0.28
83,spotify:track:4IGWKWopTDx97zNKnl3K6e,Nasha Hogaya,0.63,0.0,0.703,0.0499,0.197,-4.925,0.648,89.978,0.608
84,spotify:track:3bv2Fwr64OCv66hTn1fCpM,Judaiya,0.5,0.0,0.59,0.0596,0.451,-6.471,0.435,76.307,0.218
85,spotify:track:4yaPqGCFobhA8swEwsi0l8,Sasu Mangay (Coke Studio Season 9),0.077,0.0,0.812,0.0453,0.0854,-4.998,0.642,119.987,0.504
86,spotify:track:650uRexHI7OwFOPMv2whCj,Tu Bewafa,0.485,0.0,0.449,0.278,0.309,-9.578,0.531,80.134,0.489
87,spotify:track:1F4wu1C1J05Y3p2WYsJVWL,Romantic Medley 3,0.108,0.0,0.65,0.0462,0.153,-6.659,0.52,140.161,0.517
88,spotify:track:59iKML4ChbRpd5K1r9BT5t,Medley,0.366,0.0,0.673,0.037,0.148,-6.599,0.605,77.964,0.332
89,spotify:track:5r7d2EdBodEl1Xd7bJPbX3,Kasoor,0.613,0.0,0.486,0.0595,0.0824,-5.906,0.696,129.924,0.448
90,spotify:track:6IlgL3ebWCHoYiTqYqkpBB,Adam,0.453,0.0,0.579,0.32,0.173,-13.326,0.507,96.99,0.464
91,spotify:track:0TxmxoCQMiXvfFA6DPM1wT,Shiva's Meditation,0.989,0.836,0.0523,0.0329,0.0632,-18.847,0.287,80.044,0.0794
92,spotify:track:76PToF9tQlklwSUbt4RNbk,Meeting of Two Oceans,0.851,0.44,0.047,0.0405,0.103,-19.245,0.203,69.077,0.0421
93,spotify:track:6pmxIuUYfVgO9zojbQIj3O,Goddess Evocation,0.988,0.696,0.0448,0.0383,0.0788,-18.291,0.398,115.421,0.046
94,spotify:track:29uf7mEX39sTXsaheuU9d7,Relaxing on the Mountain,0.984,0.816,0.0322,0.0359,0.232,-18.147,0.267,88.531,0.0609
95,spotify:track:40ean5IrRrOCQVF5PhNFzP,Ha-Tha (Sun Meets Moon),0.761,0.0363,0.557,0.0316,0.183,-10.989,0.727,109.977,0.198
96,spotify:track:3lqkdtSptgT5JbREVV4U7H,On Sacred Ground,0.388,0.0739,0.309,0.0304,0.0898,-10.124,0.346,84.407,0.159
97,spotify:track:3WBpzyAIzq7csOpXL8o3FZ,Sight Meditation,0.8,0.847,0.255,0.0348,0.0818,-15.758,0.704,94.98,0.172
98,spotify:track:6Tg9SemOs3ojBIEtU6VNh4,Conciousness Meditation,0.961,0.367,0.187,0.0303,0.133,-17.233,0.456,148.197,0.148
99,spotify:track:2jjNC5JefpYpqed9pYFNKs,Heart Meditation,0.925,0.73,0.183,0.0308,0.0935,-13.614,0.41,160.08,0.131
100,spotify:track:5TeU9ZMgLcoSl1evO7TV5b,The Union of Sun and Moon,0.992,0.819,0.0172,0.043,0.265,-18.997,0.246,67.32,0.0868
101,spotify:track:7cWnks0lsRtpAi87COOiXK,O Re Piya,0.779,0.000565,0.532,0.0328,0.124,-8.837,0.586,99.994,0.494
102,spotify:track:0u8wprNfOdcWpUlWnfMcpP,Bol Na Halke Halke,0.279,3.46e-06,0.573,0.0491,0.0617,-6.69,0.637,90.017,0.704
103,spotify:track:7N30pzJGFwnYU8iuzxWS7l,Ajj Din Chadheya,0.551,6.7e-06,0.688,0.0722,0.121,-4.553,0.585,85.871,0.814
104,spotify:track:2iZeKe5avjtKVmjfSFkpxd,Tum Jo Aaye,0.399,1e-06,0.841,0.0948,0.205,-4.449,0.574,83.706,0.927
105,spotify:track:1jkNF7kVO0tzNiGXzpC6fQ,Valentine's Mashup 2021,0.196,0.0,0.719,0.0437,0.134,-6.859,0.647,104.003,0.4
106,spotify:track:4f5kLqyOJ5ZPnalEVMQrB2,"Tere Bin (From ""Simmba"")",0.268,4.51e-06,0.716,0.0384,0.603,-3.936,0.649,86.949,0.639
107,spotify:track:1wsN3cdC9HOWdJWGypTj55,Teri Ore,0.172,0.0,0.797,0.0972,0.267,-4.629,0.484,83.542,0.699
108,spotify:track:395gJWcJQK0C3GJfHAn7f6,Sajdaa,0.725,0.00272,0.737,0.0762,0.0655,-7.274,0.469,79.545,0.572
109,spotify:track:2RNCGsAi3ERAf2k2Mhhdyu,"Surili Akhiyon Wale (From ""Veer"")",0.402,0.0,0.574,0.0312,0.0965,-5.788,0.514,75.89,0.4
110,spotify:track:3kuxr8U3QynLzyW82p5hYR,Aas Paas Khuda,0.335,1.8e-06,0.706,0.0336,0.137,-5.709,0.556,80.008,0.726
112,spotify:track:5NbR7c5zrOZN3Dje3JVJEN,Hoshwalon Ko Khabar Kya,0.243,0.0,0.447,0.0311,0.255,-12.014,0.527,94.051,0.536
113,spotify:track:6OBnmsS9w6mdYmEgxwc2BG,"Tum Ko Dekha To Yeh Khayal Aaya (From ""Saath Saath"")",0.907,0.612,0.272,0.0295,0.0848,-13.642,0.354,90.566,0.263
114,spotify:track:369oZK7hzwq2wHzRWzs9xh,Teri Fariyad,0.935,0.00482,0.423,0.0279,0.352,-8.344,0.503,85.061,0.371
115,spotify:track:2AeMA6k7ocfbYDZqq8NdV7,Koi Fariyaad,0.073,0.00069,0.439,0.0555,0.0828,-15.154,0.403,84.822,0.325
116,spotify:track:4SVLJYv9gJQgFhtJdW3TEX,Tum Itna Jo Muskura Rahe Ho,0.352,1.46e-05,0.331,0.0322,0.178,-12.652,0.374,171.381,0.594
117,spotify:track:6qtSFL6qFbw7EmaRIsS0IR,Woh Kaghaz Ki Kashti,0.909,0.00473,0.48,0.0399,0.0944,-12.556,0.705,108.178,0.8
118,spotify:track:4QpOqCNx9L7Vy2ThfXOYDf,Tere Aane Ki Jab Khabar Mehke,0.597,0.000192,0.242,0.0333,0.105,-18.064,0.681,90.635,0.549
119,spotify:track:5PWQsLrymwQbCVYOO70Vfd,Jhuki Jhuki Si Nazar,0.828,7.41e-05,0.262,0.0272,0.0812,-14.212,0.582,95.191,0.489
120,spotify:track:6PXISn2oRpmYoFwRT801il,Chithi Na Koi Sandesh,0.0977,0.000643,0.458,0.0382,0.189,-11.461,0.807,113.092,0.59
122,spotify:track:5NbR7c5zrOZN3Dje3JVJEN,Hoshwalon Ko Khabar Kya,0.243,0.0,0.447,0.0311,0.255,-12.014,0.527,94.051,0.536
123,spotify:track:6OBnmsS9w6mdYmEgxwc2BG,"Tum Ko Dekha To Yeh Khayal Aaya (From ""Saath Saath"")",0.907,0.612,0.272,0.0295,0.0848,-13.642,0.354,90.566,0.263
124,spotify:track:369oZK7hzwq2wHzRWzs9xh,Teri Fariyad,0.935,0.00482,0.423,0.0279,0.352,-8.344,0.503,85.061,0.371
125,spotify:track:2AeMA6k7ocfbYDZqq8NdV7,Koi Fariyaad,0.073,0.00069,0.439,0.0555,0.0828,-15.154,0.403,84.822,0.325
126,spotify:track:4SVLJYv9gJQgFhtJdW3TEX,Tum Itna Jo Muskura Rahe Ho,0.352,1.46e-05,0.331,0.0322,0.178,-12.652,0.374,171.381,0.594
127,spotify:track:6qtSFL6qFbw7EmaRIsS0IR,Woh Kaghaz Ki Kashti,0.909,0.00473,0.48,0.0399,0.0944,-12.556,0.705,108.178,0.8
128,spotify:track:4QpOqCNx9L7Vy2ThfXOYDf,Tere Aane Ki Jab Khabar Mehke,0.597,0.000192,0.242,0.0333,0.105,-18.064,0.681,90.635,0.549
129,spotify:track:5PWQsLrymwQbCVYOO70Vfd,Jhuki Jhuki Si Nazar,0.828,7.41e-05,0.262,0.0272,0.0812,-14.212,0.582,95.191,0.489
130,spotify:track:6PXISn2oRpmYoFwRT801il,Chithi Na Koi Sandesh,0.0977,0.000643,0.458,0.0382,0.189,-11.461,0.807,113.092,0.59
132,spotify:track:5NbR7c5zrOZN3Dje3JVJEN,Hoshwalon Ko Khabar Kya,0.243,0.0,0.447,0.0311,0.255,-12.014,0.527,94.051,0.536
133,spotify:track:6OBnmsS9w6mdYmEgxwc2BG,"Tum Ko Dekha To Yeh Khayal Aaya (From ""Saath Saath"")",0.907,0.612,0.272,0.0295,0.0848,-13.642,0.354,90.566,0.263
134,spotify:track:369oZK7hzwq2wHzRWzs9xh,Teri Fariyad,0.935,0.00482,0.423,0.0279,0.352,-8.344,0.503,85.061,0.371
135,spotify:track:2AeMA6k7ocfbYDZqq8NdV7,Koi Fariyaad,0.073,0.00069,0.439,0.0555,0.0828,-15.154,0.403,84.822,0.325
136,spotify:track:4SVLJYv9gJQgFhtJdW3TEX,Tum Itna Jo Muskura Rahe Ho,0.352,1.46e-05,0.331,0.0322,0.178,-12.652,0.374,171.381,0.594
137,spotify:track:6qtSFL6qFbw7EmaRIsS0IR,Woh Kaghaz Ki Kashti,0.909,0.00473,0.48,0.0399,0.0944,-12.556,0.705,108.178,0.8
138,spotify:track:4QpOqCNx9L7Vy2ThfXOYDf,Tere Aane Ki Jab Khabar Mehke,0.597,0.000192,0.242,0.0333,0.105,-18.064,0.681,90.635,0.549
139,spotify:track:5PWQsLrymwQbCVYOO70Vfd,Jhuki Jhuki Si Nazar,0.828,7.41e-05,0.262,0.0272,0.0812,-14.212,0.582,95.191,0.489
140,spotify:track:6PXISn2oRpmYoFwRT801il,Chithi Na Koi Sandesh,0.0977,0.000643,0.458,0.0382,0.189,-11.461,0.807,113.092,0.59
142,spotify:track:5NbR7c5zrOZN3Dje3JVJEN,Hoshwalon Ko Khabar Kya,0.243,0.0,0.447,0.0311,0.255,-12.014,0.527,94.051,0.536
143,spotify:track:6OBnmsS9w6mdYmEgxwc2BG,"Tum Ko Dekha To Yeh Khayal Aaya (From ""Saath Saath"")",0.907,0.612,0.272,0.0295,0.0848,-13.642,0.354,90.566,0.263
144,spotify:track:369oZK7hzwq2wHzRWzs9xh,Teri Fariyad,0.935,0.00482,0.423,0.0279,0.352,-8.344,0.503,85.061,0.371
145,spotify:track:2AeMA6k7ocfbYDZqq8NdV7,Koi Fariyaad,0.073,0.00069,0.439,0.0555,0.0828,-15.154,0.403,84.822,0.325
146,spotify:track:4SVLJYv9gJQgFhtJdW3TEX,Tum Itna Jo Muskura Rahe Ho,0.352,1.46e-05,0.331,0.0322,0.178,-12.652,0.374,171.381,0.594
147,spotify:track:6qtSFL6qFbw7EmaRIsS0IR,Woh Kaghaz Ki Kashti,0.909,0.00473,0.48,0.0399,0.0944,-12.556,0.705,108.178,0.8
148,spotify:track:4QpOqCNx9L7Vy2ThfXOYDf,Tere Aane Ki Jab Khabar Mehke,0.597,0.000192,0.242,0.0333,0.105,-18.064,0.681,90.635,0.549
149,spotify:track:5PWQsLrymwQbCVYOO70Vfd,Jhuki Jhuki Si Nazar,0.828,7.41e-05,0.262,0.0272,0.0812,-14.212,0.582,95.191,0.489
150,spotify:track:6PXISn2oRpmYoFwRT801il,Chithi Na Koi Sandesh,0.0977,0.000643,0.458,0.0382,0.189,-11.461,0.807,113.092,0.59
151,spotify:track:6D5YqPRZo1OfpD2cy5hUz1,Mujhe Tum Nazar Se Gira To Rahe Ho,0.971,9.85e-05,0.359,0.0371,0.218,-11.288,0.513,120.251,0.741
152,spotify:track:1Ot6UNRGj2aYS3xtqw1YtA,Ranjish Hi Sahi,0.894,0.113,0.528,0.043,0.114,-11.037,0.313,133.409,0.267
153,spotify:track:5SRZ2MMFN7WD626usnTOma,Gulon Mein Rang Bharey,0.458,0.000273,0.502,0.0383,0.481,-12.55,0.312,140.627,0.378
154,spotify:track:1MsBA2hZEeMnK8oTNvKQMu,Rafta Rafta Woh Meri Hasti Ka Saman,0.887,0.917,0.349,0.0343,0.539,-17.146,0.328,112.874,0.484
155,spotify:track:2em4mPw6quqqyCwS1yOM3X,Main Hosh Mein Tha,0.92,0.0131,0.342,0.0287,0.137,-11.994,0.522,84.202,0.359
156,spotify:track:6f188O4U3MHPStb9IJ7bqm,Mohabbat Karne Wale (Live),0.963,0.802,0.492,0.0497,0.325,-11.875,0.44,127.366,0.553
157,spotify:track:2CWKnKg2zzXI6wfsH2dTDE,"Rafta Rafta Woh Meri Hasti Ka (From ""Zeenat"")",0.86,0.0,0.661,0.031,0.0868,-7.783,0.4,103.674,0.682
158,spotify:track:0jQySCRqYWtPEj0IEzrIpz,Zindagi Mein To Sabhi - Live,0.901,0.0138,0.526,0.08,0.74,-9.629,0.351,142.475,0.354
159,spotify:track:69GrvktEn2ezemVh4OYrvq,To Ne Dikha Hai Kabhi,0.574,0.000269,0.547,0.0268,0.0384,-8.561,0.578,128.4,0.529
160,spotify:track:4UDsOiaMP4pLawOzlmeGKk,Duniya Kisi Ke Pyar Mein,0.959,0.542,0.328,0.0332,0.666,-14.536,0.283,92.772,0.372
163,spotify:track:3Wb8gdwqyagTVSrFtSUCFe,Woh Jo Ham Men Tum Men Qarar Tha,0.956,0.00818,0.347,0.0363,0.36,-13.936,0.38,112.394,0.382
168,spotify:track:6WvXxG729BX9yp1KaDFmbv,Diwana Banana Hai To,0.995,0.591,0.108,0.0478,0.196,-11.888,0.341,73.871,0.514
171,spotify:track:34VMY5oNAOWXFnC0pfwwhc,Chupke Chupke Raat Din Aansoon Bahanayaad Hai,0.958,0.453,0.288,0.0351,0.0817,-16.153,0.57,131.731,0.72
172,spotify:track:0fop0xkp8P9b7JTJSDdBB4,Teri Yaad Yaad Yaad,0.176,0.0,0.754,0.0598,0.234,-7.258,0.537,90.042,0.599
173,spotify:track:1kq9D4WgmSzmZzNGMAvI4Q,Hum Tere Shahar Me Aaye Hai,0.774,0.000599,0.558,0.0319,0.176,-9.808,0.576,109.107,0.718
174,spotify:track:5hZmZaExf8sG6wvoWpqs8m,Humko Kisike Gham Ne Maara,0.919,0.0156,0.48,0.0324,0.768,-11.934,0.391,100.761,0.771
175,spotify:track:1M3NqMGpz82MZymh0bJSIx,Hangama Hai Kiyon Barbad,0.555,3.22e-06,0.755,0.0499,0.411,-6.312,0.36,112.812,0.546
176,spotify:track:3nPez09I43hLdYiNPB2XUO,Khawab Ban Ke Bikharti Jati Hai,0.2,0.000119,0.637,0.0312,0.0806,-9.817,0.543,79.087,0.827
177,spotify:track:7fDOT7WW72bsyS2cY4tON0,Hungama Hai Kyon Barpa,0.949,0.00934,0.341,0.0321,0.12,-13.687,0.521,99.801,0.663
178,spotify:track:6gcQXc18soxkl2hSJ99Rx9,Woh Nahi Mera Magar - Male Vocals,0.393,4.11e-05,0.622,0.0336,0.0665,-7.716,0.694,128.026,0.451
179,spotify:track:4Ucb3qAVVhMo57Bqr4R5wk,Dil Main Ek Lehar Si,0.96,0.0011,0.35,0.0321,0.147,-11.274,0.293,90.771,0.274
180,spotify:track:2bgFsBUktYvExuN31E4K8r,Chamakte Chaand Ko,0.732,0.00181,0.37,0.0361,0.0728,-17.172,0.236,144.419,0.551
181,spotify:track:4XL3S4cP3jqdBotKjxulS5,"Na Kajare Ki Dhar (From ""Mohra"")",0.667,1.06e-06,0.683,0.0404,0.362,-8.428,0.51,145.281,0.672
182,spotify:track:2oAy8P7WfjbZW0cWw6RnAG,"Chhupana Bhi Nahin Aata (From ""Baazigar"")",0.362,2.26e-06,0.517,0.0714,0.129,-11.817,0.394,157.333,0.646
183,spotify:track:2zGiBYiOIbioKAJgV3D2TZ,Aaj Phir Tum Pe,0.739,1.94e-05,0.619,0.0528,0.0695,-11.49,0.436,87.631,0.668
184,spotify:track:6xkH51odPN6GVpMgth0lWL,"Jeeye to Jeeye Kaise (From ""Saajan"")",0.249,0.0,0.489,0.0306,0.156,-11.968,0.486,128.731,0.682
185,spotify:track:3ErnIFp1vB1OrlxQGtfQca,"Dil Jab Se Toot Gaya (From ""Salaami"")",0.43,2.75e-05,0.639,0.0526,0.156,-12.455,0.364,99.072,0.644
187,spotify:track:4EfiODx46Zq7h5ORp2LVy9,Na Kajare Ki Dhar (With Jhankar Beats),0.629,1.84e-05,0.781,0.0476,0.232,-10.534,0.63,145.436,0.772
188,spotify:track:09xLwwXCwGcNK9nU20cwQM,Chitthi Aai Hai,0.678,0.0,0.716,0.0828,0.102,-9.984,0.482,82.882,0.65
189,spotify:track:646WEyOUsCWtVvI8BIMbeI,"Na Kajare Ki Dhar, Pt. 1 (With Jhankar Beats)",0.759,0.0,0.345,0.0284,0.381,-8.763,0.485,108.407,0.411
190,spotify:track:0tZKwth3CwTg3ux1Moog75,Log Barso Judaa Hoke Duet,0.501,0.0,0.735,0.0347,0.0318,-11.352,0.527,139.064,0.892
191,spotify:track:1KsszCPKYJAJ6EAKIpLo8s,Sri Ramchandra Kripalu Bhajman,0.543,1.32e-06,0.492,0.039,0.0953,-9.308,0.64,149.901,0.796
192,spotify:track:5NpzXzxlaLkSa5suxqXbrT,Aisi Laagi Lagan,0.171,0.0,0.602,0.13,0.0568,-10.323,0.729,147.998,0.869
193,spotify:track:5BjPcgQkjdullrnNygimjr,O Kanha,0.628,0.0,0.771,0.0342,0.0942,-1.108,0.702,120.022,0.773
194,spotify:track:7Ae8e8hnKFVTQ7c72yRKwI,Shri Ram Chandra Kripalu: Mool Paath,0.706,0.0,0.693,0.0494,0.0533,-7.529,0.527,143.007,0.609
195,spotify:track:2GFgbfvag81n24wKtGihXM,Solah Baras Ki Bali Umar,0.743,0.000367,0.651,0.0505,0.474,-10.418,0.304,80.771,0.683
196,spotify:track:1czIv7Zdskl3O8VwYKf3J9,Sarkar Sanware - Shyam Bhajan,0.342,0.0,0.888,0.046,0.087,-4.716,0.681,133.991,0.781
197,spotify:track:6HA4HZ74rX4KXWARqSO3xD,Kanha Teri Murli Ki,0.726,0.0,0.584,0.0379,0.255,-10.815,0.553,97.94,0.868
198,spotify:track:5ErOagQqDqLeyv5HLOHLAK,Om Jai Jagdish Hare By Anup Jalota - Zee Music Devotional,0.649,0.0,0.807,0.0405,0.143,-2.222,0.451,90.136,0.613
199,spotify:track:7jWEfnswzyqESGNBVsCD5D,Shree Hanuman Chalisa,0.573,0.0,0.424,0.0469,0.0496,-12.798,0.373,155.468,0.445
200,spotify:track:7guf9SIiNtj7iocdB8RL98,Ganpati Vandan,0.42,0.0,0.918,0.0719,0.157,-0.531,0.4,95.885,0.783
201,spotify:track:0y3b4ssMVGVAYnVd231Tff,Zindagi Jab Bhi,0.748,0.0,0.497,0.0267,0.358,-6.933,0.604,95.008,0.549
202,spotify:track:0bdlGyCdA6DDg5wd5QfvQx,Phir Chiddi Raat,0.82,0.0,0.626,0.0322,0.616,-5.715,0.449,100.004,0.467
204,spotify:track:238AL8kco8HOKnbmEHaOYJ,Jiske Sir Upar Tu Swami,0.642,0.0,0.484,0.0276,0.216,-4.841,0.422,79.951,0.282
205,spotify:track:0wekpsgIQ13QIPCrQtW0JN,Aaina Mujhse Mere,0.631,0.0,0.454,0.03,0.286,-10.701,0.366,138.327,0.28
206,spotify:track:2TDMJFbxFEv15la7s2xJMM,Pathar Pe Gira Sheesha,0.593,0.0,0.43,0.0404,0.0808,-14.334,0.572,150.075,0.6
207,spotify:track:2msUHHBO3AM4KdeGECES2Q,Khubsurat Hai Aankhen,0.475,6.3e-05,0.428,0.0301,0.315,-14.992,0.575,134.851,0.729
209,spotify:track:2YDFUawn3d4IuXtjd5OvU6,Kabhi Khwab Mein,0.707,1.45e-05,0.412,0.0309,0.141,-10.772,0.461,125.794,0.367
210,spotify:track:43jFdxD5dT6js36UdjRz1i,Yeh Zindagi Ka Safar,0.893,0.000595,0.382,0.0405,0.0856,-19.335,0.315,81.177,0.498
211,spotify:track:6H7fLdt0AeWpuxUKXuXWrx,Shree Hanuman Chalisa,0.545,0.0,0.885,0.035,0.132,-3.4,0.589,91.01,0.831
212,spotify:track:4vlMdXsRpAIXYggwbNHZSv,Nenjukkul Peidhidum,0.6,2.49e-06,0.43,0.0407,0.132,-10.31,0.687,115.01,0.241
213,spotify:track:6Z8oU8xMOie24Cflh2Sw6p,Venmegam,0.418,2.23e-05,0.426,0.0742,0.11,-11.54,0.803,114.945,0.556
214,spotify:track:4HDzsx1dJKbuL0YkffBuBm,Thodu Vaanam,0.394,0.0,0.551,0.0612,0.178,-6.841,0.628,136.899,0.385
215,spotify:track:3HgeP7vmbwjp0B5tAT6y0Q,Manjal Veyil,0.018,3.01e-05,0.641,0.0498,0.205,-8.235,0.905,119.953,0.885
216,spotify:track:5jkH9Pgv28mW9ve6uGtohT,En Jeevan,0.552,3.82e-06,0.29,0.0383,0.54,-9.136,0.409,179.895,0.291
217,spotify:track:6LgkoexFvjZ5V9qG8mYV3l,Pachai Nirame,0.427,0.00247,0.399,0.0391,0.381,-16.303,0.64,87.972,0.579
218,spotify:track:5FfRt0NaBuDIHpRgsiCkWu,Anbae Anbae,0.0183,0.0,0.557,0.0296,0.17,-11.187,0.684,122.009,0.799
219,spotify:track:1L4kqtdycaEOOg15S1GM52,Vennilave,0.422,0.0,0.32,0.0301,0.153,-12.356,0.634,91.039,0.65
220,spotify:track:3Bq7CnWgfvplEzGSVXUvOe,Ay Hairathe,0.249,0.00298,0.449,0.031,0.128,-10.063,0.746,122.004,0.666
221,spotify:track:39hCQjPyTtsHzsp0cx1fuJ,Mujhse Pehli Si Mohabbat,0.649,0.00155,0.627,0.0346,0.399,-8.877,0.36,146.691,0.484
222,spotify:track:3XwRBHICXPkM8N9k1POaof,Kende Ne Naina,0.795,0.00134,0.482,0.034,0.158,-13.211,0.404,132.968,0.772
223,spotify:track:0V3IBVtz6QRT9ppjt5rl2Z,Supreme Ishq Anarkali - Version 1,0.0496,4.69e-05,0.838,0.0772,0.38,-11.438,0.686,91.966,0.565
224,spotify:track:5Va8mH395NByfbTPyp2h1q,Sanun Nahar Wale Pul,0.865,0.0629,0.407,0.0402,0.54,-14.355,0.582,155.577,0.952
225,spotify:track:227qgaeMQGrCXcL6N7514V,Mundeya Dupatta Chad Mera,0.183,0.00503,0.749,0.089,0.0586,-7.18,0.851,127.037,0.707
226,spotify:track:0ljyAkdmoW8xqydwtNPlCy,Chandni Raaten,0.798,0.000714,0.482,0.0477,0.108,-9.293,0.43,79.583,0.736
227,spotify:track:09mN5XZI9mIJLKrUejjXpz,Jadon Holi Jai,0.91,0.00217,0.459,0.0314,0.393,-11.792,0.514,109.924,0.835
228,spotify:track:7rZkWQZyOBBw3iCcPeq0C4,Jawan Hain Mohabbat,0.918,0.000293,0.509,0.147,0.264,-8.782,0.571,104.911,0.905
229,spotify:track:27nl23zZ4HAy04m0PAXCVu,Hamari Sansoon Men,0.833,8.94e-05,0.329,0.0276,0.152,-11.96,0.521,100.149,0.598
230,spotify:track:4DpeTpCoEMAlyZaxjEHlmp,Chal Chaliye Duniya Di Os Nukre - From The Film Duniya Paise Di,0.867,0.875,0.896,0.0299,0.313,0.005,0.697,122.283,0.875
236,spotify:track:6N1K5OVVCopBjGViHs2IvP,The Joker And The Queen (feat. Taylor Swift),0.924,2.1e-06,0.309,0.0329,0.282,-7.398,0.528,133.83,0.307
245,spotify:track:4J7CKHCF3mdL4diUsmW8lq,Under Control (feat. Hurts),0.129,0.000914,0.915,0.0841,0.115,-3.405,0.544,126.094,0.51
248,spotify:track:7arsXR8AtExnOFN3v3HiJI,Going Dumb,0.0546,0.263,0.678,0.0515,0.103,-6.242,0.834,121.995,0.551
251,spotify:track:1bhUWB0zJMIKr9yVPrkEuI,Perfect Duet (Ed Sheeran & Beyoncé),0.779,0.0,0.299,0.0263,0.123,-7.365,0.587,94.992,0.356
252,spotify:track:5IVuqXILoxVWvWEPm82Jxr,Crazy In Love (feat. Jay-Z),0.00249,0.0,0.77,0.226,0.0715,-6.596,0.646,99.165,0.681
253,spotify:track:3ERa3mEeOnrh2Mc47qM6T1,Halo,0.272,0.0,0.72,0.0628,0.0563,-5.908,0.508,79.983,0.472
254,spotify:track:1z6WtY7X4HQJvzxC4UgkSf,Love On Top,0.0849,0.0,0.748,0.0887,0.604,-5.242,0.652,94.1,0.652
255,spotify:track:6g0Orsxv6glTJCt4cHsRsQ,Formation,0.00532,0.0,0.621,0.237,0.196,-6.857,0.896,121.966,0.818
256,spotify:track:1uXbwHHfgsXcUKfSZw5ZJ0,Run the World (Girls),0.00496,4.72e-05,0.899,0.143,0.372,-4.237,0.733,127.086,0.76
257,spotify:track:5hgnY0mVcVetszbb85qeDg,Partition,0.0296,0.0726,0.441,0.291,0.306,-11.523,0.412,185.571,0.174
258,spotify:track:1G7DcLzPnopdZjLkev0K4e,Irreplaceable,0.0286,1.15e-06,0.697,0.326,0.167,-4.192,0.576,175.906,0.501
259,spotify:track:6jG2YzhxptolDzLHTGLt7S,Drunk in Love (feat. Jay-Z),0.00969,0.00104,0.621,0.0468,0.181,-6.902,0.589,140.03,0.401
260,spotify:track:02M6vucOvmRfMxTXDUwRXu,7/11,0.0128,0.0,0.705,0.126,0.126,-5.137,0.747,136.024,0.56
265,spotify:track:0k4d5YPDr1r7FX77VdqWez,,,,,,,,,,
268,spotify:track:2vXKRlJBXyOcvZYTdNeckS,Lost in the Fire (feat. The Weeknd),0.0933,0.000927,0.671,0.0363,0.115,-12.21,0.658,100.966,0.166
271,spotify:track:5PjdY0CKGZdEuoNab3yDmX,STAY (with Justin Bieber),0.0383,0.0,0.764,0.0483,0.103,-5.484,0.591,169.928,0.478
272,spotify:track:1r8ZCjfrQxoy2wVaBUbpwg,Thousand Miles,0.0858,0.0,0.657,0.0768,0.0884,-4.658,0.376,80.565,0.203
273,spotify:track:27OeeYzk6klgBh83TSvGMA,WITHOUT YOU,0.213,0.0,0.413,0.0299,0.134,-7.357,0.662,93.005,0.467
274,spotify:track:1EHUQesfVKwbthtNcpBi9g,WITHOUT YOU (with Miley Cyrus),0.173,0.0,0.469,0.0292,0.0956,-6.257,0.655,92.56,0.467
276,spotify:track:2rPHUAeUPbNgTmK18FPTiZ,GO (feat. Juice WRLD),0.157,0.0,0.74,0.0944,0.612,-4.973,0.487,73.779,0.522
277,spotify:track:0DYNL4xbYWgNzppUamtyR4,"F*CK YOU, GOODBYE (feat. Machine Gun Kelly)",0.0693,0.0,0.632,0.0358,0.291,-6.695,0.721,92.057,0.296
278,spotify:track:1JXBNvlDEl2epKSJ9EOgKX,NOT SOBER (feat. Polo G & Stunna Gambino),0.0928,0.0,0.639,0.134,0.0941,-6.852,0.671,119.82,0.385
279,spotify:track:13EW51DKru044OJDJ9Bm8o,TRAGIC (feat. Youngboy Never Broke Again & Internet Money),0.0383,0.0,0.642,0.116,0.2,-6.321,0.779,82.363,0.388
280,spotify:track:5YSHygGN9D0mID1NsVd5my,Reminds Me Of You,0.0663,0.0,0.631,0.12,0.169,-6.965,0.613,149.992,0.33
281,spotify:track:6I9VzXrHxO9rA9A5euc8Ak,Toxic,0.0249,0.025,0.838,0.114,0.242,-3.914,0.774,143.04,0.924
282,spotify:track:6ic8OlLUNEATToEFU3xmaH,Gimme More,0.25,0.000678,0.844,0.0334,0.0723,-3.131,0.788,113.324,0.382
283,spotify:track:3MjUtNVVq3C8Fn0MP3zhXa,...Baby One More Time,0.202,0.000131,0.699,0.0307,0.443,-5.745,0.759,92.96,0.907
284,spotify:track:6naxalmIoLFWR0siv8dnQQ,Oops!...I Did It Again,0.3,1.77e-05,0.834,0.0437,0.355,-5.444,0.751,95.053,0.894
285,spotify:track:6QHXcb0eFwOKZOZ9bOFmxm,Toxic Pony,0.00757,0.000598,0.652,0.152,0.105,-9.906,0.775,143.08,0.922
286,spotify:track:4fixebDZAVToLbUCuEloa2,Womanizer,0.073,0.0,0.695,0.0622,0.0889,-5.226,0.724,139.0,0.235
287,spotify:track:7jk7gqyEonmVVYahZN5zhW,Circus,0.147,0.000381,0.733,0.052,0.0713,-5.215,0.791,114.98,0.761
288,spotify:track:6T689Jvh5KrSXyaPtUWZtQ,Criminal,0.0485,0.0,0.734,0.0298,0.183,-5.294,0.696,107.987,0.711
289,spotify:track:2hdy9Wt9qp7M7d0U3ossu2,If U Seek Amy,0.0192,0.0,0.587,0.0339,0.0523,-7.296,0.717,129.954,0.544
290,spotify:track:3KliPMvk1EvFZu9cvkj8p1,Work Bitch,0.155,0.000628,0.824,0.159,0.0651,-6.53,0.629,128.01,0.852
292,spotify:track:0tzixmHNQfE6S6SirSToxW,El Ultimo Adiós - Varios Artistas Version,0.641,0.0,0.572,0.0377,0.2,-7.818,0.276,77.986,0.285
293,spotify:track:2hgzdQdnfWwtdpZbhZlV72,Ain't Your Mama,0.0472,9.14e-06,0.678,0.233,0.0654,-5.529,0.757,120.075,0.82
295,spotify:track:4ZOyH6KjomjlqCz3oFqglr,Jenny from the Block (feat. Jadakiss & Styles P.) - Track Masters Remix,0.00833,3.42e-06,0.754,0.207,0.0575,-5.46,0.844,100.002,0.961
296,spotify:track:42nSaPdT6g3ZIMHmKLlP2p,Let's Get Loud,0.135,0.000122,0.937,0.0549,0.35,-4.81,0.82,130.992,0.906
297,spotify:track:1fgvJXlcZ7uIddMpqsqw0L,Love Don't Cost a Thing,0.00305,3.54e-06,0.842,0.0707,0.473,-5.115,0.786,97.577,0.685
298,spotify:track:4d2hD63oUGU3s7L66JD0BE,Dance Again,0.0159,2.88e-06,0.856,0.067,0.0981,-5.236,0.792,127.988,0.714
299,spotify:track:6MLsahMK3VvH9NUwXOktdS,I'm Real (feat. Ja Rule) - Murder Remix,0.273,0.0,0.587,0.151,0.0718,-7.93,0.708,83.46,0.554
300,spotify:track:6w0hTf98ZNQm5GpfWeuoAk,Cambia el Paso,0.0628,0.000159,0.784,0.0654,0.0846,-5.208,0.839,102.006,0.54
301,spotify:track:46IZ0fSY2mpAiktS3KOqds,Easy On Me,0.578,0.0,0.366,0.0282,0.133,-7.519,0.604,141.981,0.13
302,spotify:track:3Kkjo3cT83cw09VJyrLNwX,Oh My God,0.091,0.0,0.725,0.046,0.0264,-3.906,0.534,88.098,0.55
303,spotify:track:1c8gk2PeTE04A1pIDH9YMk,Rolling in the Deep,0.138,0.0,0.769,0.0298,0.0473,-5.114,0.73,104.948,0.507
304,spotify:track:1zwMYTA5nlNjZxYrvBB2pV,Someone Like You,0.893,0.0,0.319,0.0281,0.0996,-8.251,0.556,135.187,0.294
305,spotify:track:7GgWAITsYJaRM3r50rfh5w,When We Were Young,0.303,0.0,0.595,0.0496,0.095,-5.936,0.376,144.361,0.265
306,spotify:track:6w8ZPYdnGajyfPddTWdthN,Can I Get It,0.0171,0.0,0.68,0.0431,0.178,-6.118,0.703,97.985,0.536
307,spotify:track:73CMRj62VK8nUS4ezD2wvi,Set Fire to the Rain,0.00408,1.68e-06,0.67,0.0249,0.112,-3.882,0.603,107.993,0.446
308,spotify:track:6v0UJD4a2FtleHeSYVX02A,I Drink Wine,0.697,0.0,0.565,0.0466,0.119,-5.596,0.437,115.389,0.306
309,spotify:track:7B5Npv8NjjTCzk8PLpU66h,Love In The Dark,0.528,0.0,0.341,0.0309,0.109,-6.057,0.331,109.821,0.152
310,spotify:track:5FgPwJ7Nh2FVmIXviKl2VF,Make You Feel My Love,0.907,0.000383,0.172,0.0326,0.105,-10.636,0.317,65.18,0.0963
311,spotify:track:5ChkMS8OtdzJeqyybCc9R5,Billie Jean,0.0236,0.0158,0.654,0.0401,0.0359,-3.051,0.92,117.046,0.847
312,spotify:track:1OOtq8tRnDM8kG2gqUPjAj,Beat It,0.0491,7.98e-06,0.867,0.0457,0.197,-3.704,0.779,138.858,0.915
313,spotify:track:2bCQHF9gdG5BNDVuEIEnNk,Smooth Criminal - 2012 Remaster,0.247,0.468,0.981,0.0751,0.306,-3.947,0.853,118.193,0.595
314,spotify:track:46eu3SBuFCXWsPT39Yg3tJ,Don't Stop 'Til You Get Enough,0.126,0.0461,0.821,0.089,0.183,-9.875,0.878,118.881,0.947
315,spotify:track:7oOOI85fVQvVnK5ynNMdW7,Rock with You - Single Version,0.179,9.91e-05,0.535,0.0353,0.158,-12.521,0.808,114.031,0.848
316,spotify:track:0sKlV58cODrjxGFOyf9IXY,The Way You Make Me Feel - 2012 Remaster,0.0544,5.5e-05,0.854,0.147,0.144,-4.523,0.877,114.472,0.54
317,spotify:track:5lWFrW5T3JtxVCLDb7etPu,Bad - 2012 Remaster,0.00462,0.423,0.889,0.0397,0.0665,-3.786,0.787,114.091,0.394
318,spotify:track:3wuCCNCnBhJlwkIJTBZFiv,They Don't Care About Us,0.205,0.00837,0.905,0.129,0.322,-5.539,0.859,89.946,0.731
319,spotify:track:5lA3pwMkBdd24StM90QrNR,P.Y.T. (Pretty Young Thing),0.23,0.000424,0.815,0.0404,0.127,-4.909,0.888,127.273,0.961
320,spotify:track:4jnFqNWeJCeCRHc4HCdxfd,Remember the Time,0.153,0.00224,0.921,0.0582,0.305,-2.383,0.831,108.002,0.795
321,spotify:track:0wHFktze2PHC5jDt3B17DC,First Class,0.111,3.18e-06,0.582,0.109,0.111,-5.902,0.902,107.005,0.332
322,spotify:track:5Z9KJZvQzH6PFmb8SNkxuk,INDUSTRY BABY (feat. Jack Harlow),0.0221,0.0,0.691,0.0672,0.0476,-7.395,0.741,150.087,0.892
323,spotify:track:0LnS7aOdOdI1dNKZqdOLz4,Dua Lipa,0.00161,0.0985,0.652,0.0762,0.106,-6.942,0.833,158.022,0.405
324,spotify:track:3ioJs8DQw527GmqJIp5gZG,Nail Tech,0.00508,8.36e-06,0.557,0.0694,0.0984,-8.409,0.677,150.127,0.1
325,spotify:track:3EMp20j5E42MxfFbsEsIvD,Churchill Downs (feat. Drake),0.615,0.0,0.522,0.36,0.11,-9.102,0.71,96.448,0.37
326,spotify:track:1jaTQ3nqY3oAAYyCTbIvnM,WHATS POPPIN,0.017,0.0,0.604,0.245,0.272,-6.671,0.923,145.062,0.826
327,spotify:track:2aWVaW1p2kUc5yuKwBmRJi,I WANNA SEE SOME ASS (feat. jetsonmade),0.18,0.000451,0.691,0.0497,0.135,-7.554,0.899,107.951,0.865
328,spotify:track:4RKJRRd4VJfZWiqQTYsleE,Already Best Friends (feat. Chris Brown),0.0891,0.0,0.575,0.0702,0.108,-7.284,0.873,103.005,0.872
329,spotify:track:0ZLuW8uOXdFNWcI40C0OC2,"Whats Poppin (feat. DaBaby, Tory Lanez & Lil Wayne) [Remix] - Bonus Track",0.0631,0.0,0.723,0.26,0.185,-5.224,0.904,145.013,0.835
330,spotify:track:7Bot6AB2dsvZEyqzUL8AUH,I'd Do Anything To Make You Smile,0.012,0.079,0.522,0.05,0.377,-7.244,0.832,150.044,0.253
331,spotify:track:0wHFktze2PHC5jDt3B17DC,First Class,0.111,3.18e-06,0.582,0.109,0.111,-5.902,0.902,107.005,0.332
332,spotify:track:5Z9KJZvQzH6PFmb8SNkxuk,INDUSTRY BABY (feat. Jack Harlow),0.0221,0.0,0.691,0.0672,0.0476,-7.395,0.741,150.087,0.892
333,spotify:track:0LnS7aOdOdI1dNKZqdOLz4,Dua Lipa,0.00161,0.0985,0.652,0.0762,0.106,-6.942,0.833,158.022,0.405
334,spotify:track:3ioJs8DQw527GmqJIp5gZG,Nail Tech,0.00508,8.36e-06,0.557,0.0694,0.0984,-8.409,0.677,150.127,0.1
335,spotify:track:3EMp20j5E42MxfFbsEsIvD,Churchill Downs (feat. Drake),0.615,0.0,0.522,0.36,0.11,-9.102,0.71,96.448,0.37
336,spotify:track:1jaTQ3nqY3oAAYyCTbIvnM,WHATS POPPIN,0.017,0.0,0.604,0.245,0.272,-6.671,0.923,145.062,0.826
337,spotify:track:2aWVaW1p2kUc5yuKwBmRJi,I WANNA SEE SOME ASS (feat. jetsonmade),0.18,0.000451,0.691,0.0497,0.135,-7.554,0.899,107.951,0.865
338,spotify:track:4RKJRRd4VJfZWiqQTYsleE,Already Best Friends (feat. Chris Brown),0.0891,0.0,0.575,0.0702,0.108,-7.284,0.873,103.005,0.872
339,spotify:track:0ZLuW8uOXdFNWcI40C0OC2,"Whats Poppin (feat. DaBaby, Tory Lanez & Lil Wayne) [Remix] - Bonus Track",0.0631,0.0,0.723,0.26,0.185,-5.224,0.904,145.013,0.835
340,spotify:track:7Bot6AB2dsvZEyqzUL8AUH,I'd Do Anything To Make You Smile,0.012,0.079,0.522,0.05,0.377,-7.244,0.832,150.044,0.253
341,spotify:track:0wHFktze2PHC5jDt3B17DC,First Class,0.111,3.18e-06,0.582,0.109,0.111,-5.902,0.902,107.005,0.332
342,spotify:track:5Z9KJZvQzH6PFmb8SNkxuk,INDUSTRY BABY (feat. Jack Harlow),0.0221,0.0,0.691,0.0672,0.0476,-7.395,0.741,150.087,0.892
343,spotify:track:0LnS7aOdOdI1dNKZqdOLz4,Dua Lipa,0.00161,0.0985,0.652,0.0762,0.106,-6.942,0.833,158.022,0.405
344,spotify:track:3ioJs8DQw527GmqJIp5gZG,Nail Tech,0.00508,8.36e-06,0.557,0.0694,0.0984,-8.409,0.677,150.127,0.1
345,spotify:track:3EMp20j5E42MxfFbsEsIvD,Churchill Downs (feat. Drake),0.615,0.0,0.522,0.36,0.11,-9.102,0.71,96.448,0.37
346,spotify:track:1jaTQ3nqY3oAAYyCTbIvnM,WHATS POPPIN,0.017,0.0,0.604,0.245,0.272,-6.671,0.923,145.062,0.826
347,spotify:track:2aWVaW1p2kUc5yuKwBmRJi,I WANNA SEE SOME ASS (feat. jetsonmade),0.18,0.000451,0.691,0.0497,0.135,-7.554,0.899,107.951,0.865
348,spotify:track:4RKJRRd4VJfZWiqQTYsleE,Already Best Friends (feat. Chris Brown),0.0891,0.0,0.575,0.0702,0.108,-7.284,0.873,103.005,0.872
349,spotify:track:0ZLuW8uOXdFNWcI40C0OC2,"Whats Poppin (feat. DaBaby, Tory Lanez & Lil Wayne) [Remix] - Bonus Track",0.0631,0.0,0.723,0.26,0.185,-5.224,0.904,145.013,0.835
350,spotify:track:7Bot6AB2dsvZEyqzUL8AUH,I'd Do Anything To Make You Smile,0.012,0.079,0.522,0.05,0.377,-7.244,0.832,150.044,0.253
351,spotify:track:0wHFktze2PHC5jDt3B17DC,First Class,0.111,3.18e-06,0.582,0.109,0.111,-5.902,0.902,107.005,0.332
352,spotify:track:5Z9KJZvQzH6PFmb8SNkxuk,INDUSTRY BABY (feat. Jack Harlow),0.0221,0.0,0.691,0.0672,0.0476,-7.395,0.741,150.087,0.892
353,spotify:track:0LnS7aOdOdI1dNKZqdOLz4,Dua Lipa,0.00161,0.0985,0.652,0.0762,0.106,-6.942,0.833,158.022,0.405
354,spotify:track:3ioJs8DQw527GmqJIp5gZG,Nail Tech,0.00508,8.36e-06,0.557,0.0694,0.0984,-8.409,0.677,150.127,0.1
355,spotify:track:3EMp20j5E42MxfFbsEsIvD,Churchill Downs (feat. Drake),0.615,0.0,0.522,0.36,0.11,-9.102,0.71,96.448,0.37
356,spotify:track:1jaTQ3nqY3oAAYyCTbIvnM,WHATS POPPIN,0.017,0.0,0.604,0.245,0.272,-6.671,0.923,145.062,0.826
357,spotify:track:2aWVaW1p2kUc5yuKwBmRJi,I WANNA SEE SOME ASS (feat. jetsonmade),0.18,0.000451,0.691,0.0497,0.135,-7.554,0.899,107.951,0.865
358,spotify:track:4RKJRRd4VJfZWiqQTYsleE,Already Best Friends (feat. Chris Brown),0.0891,0.0,0.575,0.0702,0.108,-7.284,0.873,103.005,0.872
359,spotify:track:0ZLuW8uOXdFNWcI40C0OC2,"Whats Poppin (feat. DaBaby, Tory Lanez & Lil Wayne) [Remix] - Bonus Track",0.0631,0.0,0.723,0.26,0.185,-5.224,0.904,145.013,0.835
360,spotify:track:7Bot6AB2dsvZEyqzUL8AUH,I'd Do Anything To Make You Smile,0.012,0.079,0.522,0.05,0.377,-7.244,0.832,150.044,0.253
361,spotify:track:7257drAN3eTtaaUUPw95B3,Big Log - 2006 Remaster,0.359,0.00274,0.639,0.0278,0.205,-7.163,0.554,180.638,0.644
362,spotify:track:5hrsqusQlSqlWpvtjJpxPq,29 Palms - 2006 Remaster,0.0882,0.000131,0.658,0.0258,0.136,-8.187,0.657,116.817,0.827
363,spotify:track:1zU2sDGmJUNhr5z0EXuVcV,If I Were a Carpenter - 2006 Remaster,0.0535,0.0431,0.546,0.0285,0.391,-11.203,0.551,129.712,0.21
364,spotify:track:1fOrdq5lDitklPno27DeHV,In the Mood - 2006 Remaster,0.17,0.0492,0.723,0.0282,0.0779,-7.452,0.607,101.558,0.298
368,spotify:track:0VTwMCLdBYUw7MHR1NJW1t,Shine It All Around - 2006 Remaster,0.0151,0.224,0.598,0.058,0.0933,-8.227,0.471,80.381,0.449
369,spotify:track:6X2rYNgBbEghiWyexcbldt,Ship of Fools - 2006 Remaster,0.163,0.00111,0.473,0.0247,0.0905,-6.594,0.61,93.138,0.231
371,spotify:track:7FwBtcecmlpc1sLySPXeGE,Dancing In the Dark,0.0115,0.0,0.942,0.0366,0.188,-5.64,0.527,148.723,0.495
372,spotify:track:0dOg1ySSI7NkpAe89Zo0b9,Born in the U.S.A.,0.000373,7.75e-05,0.952,0.061,0.1,-6.042,0.398,122.093,0.584
373,spotify:track:3PzsbWSQdLCKDLxn7YZfkM,I'm On Fire,0.589,0.0299,0.446,0.0347,0.0727,-14.451,0.62,88.591,0.868
374,spotify:track:6hTcuIQa0sxrrByu9wTD7s,Born to Run,0.00501,2.05e-05,0.944,0.0975,0.116,-4.199,0.27,146.347,0.606
375,spotify:track:3fbnbn6A5O5RNb08tlUEgd,Streets of Philadelphia - Single Edit,0.294,0.118,0.29,0.0302,0.0924,-13.251,0.741,93.699,0.443
376,spotify:track:2Y90nL1ohB4sgYELDs7uNx,Glory Days,0.0457,0.0,0.96,0.032,0.121,-4.906,0.574,117.486,0.978
377,spotify:track:1KsI8NEeAna8ZIdojI3FiT,Hungry Heart,0.0857,0.009,0.894,0.0273,0.157,-7.41,0.641,109.823,0.972
378,spotify:track:7HrzErXq3TsKOY1gmdIShB,The River,0.179,2.75e-05,0.536,0.0304,0.305,-11.248,0.587,117.498,0.59
379,spotify:track:56lhDZNQ5J47aog6mGKeGk,Thunder Road,0.623,1.78e-05,0.758,0.0364,0.531,-5.871,0.369,140.71,0.663
380,spotify:track:68uuz61IqrSJjO6ffO3yHc,Secret Garden,0.576,0.0418,0.329,0.0266,0.12,-14.224,0.52,86.857,0.118
381,spotify:track:2pX4FpOgwItRVPPUFdRcxA,Smooth (feat. Rob Thomas),0.16,4.73e-06,0.923,0.0338,0.295,-3.908,0.609,115.996,0.961
382,spotify:track:567UAkWoLBqZ709s3Qcbze,Maria Maria (feat. The Product G&B),0.0406,0.00201,0.601,0.126,0.0348,-5.931,0.777,97.911,0.68
383,spotify:track:5u6y4u5EgDv0peILf60H5t,Oye Como Va,0.301,0.345,0.379,0.0539,0.104,-13.208,0.736,128.399,0.948
384,spotify:track:4YMQXzscifAREG0a7KNGhB,Black Magic Woman - Single Version,0.676,0.0789,0.349,0.0323,0.0866,-14.295,0.489,124.348,0.622
385,spotify:track:59uqWPaagd0khPaauWM2lU,Corazon Espinado (feat. Mana),0.13,0.287,0.789,0.0285,0.0874,-5.173,0.699,119.959,0.962
386,spotify:track:41IShViF79gmulEkIHAjcb,The Game of Love (feat. Michelle Branch) - Main / Radio Mix,0.0714,0.000153,0.929,0.0478,0.0598,-3.236,0.59,119.818,0.674
387,spotify:track:35fC3Wq3slX4OBfyvBVmHm,Samba Pa Ti,0.829,0.424,0.358,0.0343,0.0827,-12.908,0.407,92.292,0.267
388,spotify:track:5tmrnhMxx39jnu3kjopMdP,Evil Ways,0.22,0.35,0.528,0.0358,0.14,-13.382,0.704,117.472,0.73
389,spotify:track:7ptdX6yHWePemlp0TuOhK5,Into the Night (feat. Chad Kroeger),0.0108,0.0,0.809,0.0326,0.213,-5.433,0.592,127.995,0.629
390,spotify:track:4qu0lhULYMZgDcgVL00Jk0,Greener,0.563,0.228,0.511,0.109,0.0728,-9.612,0.599,165.843,0.548
391,spotify:track:2aoo2jlRnM3A0NyLQqMN2f,All Along the Watchtower,0.00255,5.69e-05,0.805,0.0624,0.0842,-6.237,0.438,113.253,0.564
392,spotify:track:0wJoRiX5K5BxlqZTolB2LD,Purple Haze,0.00876,0.578,0.905,0.0754,0.0698,-5.27,0.533,108.9,0.486
393,spotify:track:0NWPxcsf5vdjdiFUI8NgkP,Hey Joe,0.00603,0.38,0.768,0.0377,0.0244,-5.695,0.346,169.492,0.532
394,spotify:track:1Eolhana7nKHYpcYpdVcT5,Little Wing,0.181,0.00278,0.534,0.0768,0.0547,-8.045,0.515,70.776,0.426
395,spotify:track:2AxCeJ6PSsBYiTckM0HLY7,Voodoo Child (Slight Return),0.477,0.00833,0.91,0.389,0.0517,-6.662,0.214,175.549,0.448
396,spotify:track:5H6Jp0syB5yEPk7SWYdlmk,The Wind Cries Mary,0.348,0.0286,0.495,0.0501,0.2,-10.508,0.499,80.086,0.339
397,spotify:track:3qebSLgUwaEqbwCM5sj5Kh,Castles Made of Sand,0.504,0.0171,0.714,0.313,0.684,-9.159,0.461,94.372,0.454
398,spotify:track:23MrkN7g6Q5U7GLIxNHN1B,Foxey Lady,0.0751,0.237,0.847,0.0411,0.372,-5.987,0.507,98.096,0.566
399,spotify:track:1ntxpzIUbSsizvuAy6lTYY,Crosstown Traffic,0.248,2.39e-06,0.963,0.129,0.158,-5.586,0.486,113.133,0.533
400,spotify:track:5LI7PoHEolR8plrf3I16sq,Fire,0.00206,0.0283,0.944,0.115,0.356,-5.167,0.479,153.45,0.572
401,spotify:track:1qIi03YucQ0hSyM08VngF2,System,0.000277,1.69e-05,0.774,0.0399,0.121,-7.379,0.527,131.841,0.199
402,spotify:track:2XREscvJdz0RQ2voe67rdU,White Noise,0.00301,0.0139,0.997,0.0612,0.333,-4.803,0.478,150.05,0.632
403,spotify:track:1UccyIBIE3ZE5igajUDbuO,It Goes Through,0.416,0.779,0.839,0.0393,0.197,-9.097,0.562,127.988,0.526
405,spotify:track:6FCfZ14lK1RmCSMTXlsh5l,The Last Line,0.718,0.806,0.507,0.0379,0.129,-15.61,0.593,109.989,0.0333
406,spotify:track:3w7M1q1wFiANCmJdjwApLR,Devil's Drop,0.803,0.321,0.38,0.0357,0.339,-10.231,0.363,121.985,0.152
407,spotify:track:5bTVbcLZg7a07G5ckdhkL6,Jeff Walks,0.968,0.981,0.118,0.0354,0.114,-15.827,0.603,127.993,0.563
408,spotify:track:4AOUosD71dkd3n9d4BJ1gT,Mall Blueprint,0.616,0.942,0.398,0.0534,0.149,-17.502,0.339,172.002,0.0357
409,spotify:track:6uEGlef64a7wB9GmcMb5nc,Mal RX7 - Instrumental,0.151,0.936,0.835,0.056,0.116,-17.72,0.721,110.257,0.195
410,spotify:track:2OShn8C8tZZkUH89yWclHy,Jeff Makes Observations,0.799,0.954,0.49,0.0536,0.122,-16.078,0.712,109.997,0.418
411,spotify:track:08mG3Y1vljYA6bvDt4Wqkj,Back In Black,0.011,0.00965,0.7,0.047,0.0828,-5.678,0.31,188.386,0.763
412,spotify:track:2zYzyRzz6pRmhPzyfMEC8s,Highway to Hell,0.061,0.00158,0.913,0.133,0.156,-4.793,0.574,115.728,0.423
413,spotify:track:57bgtoPSgt236HzfBOd8kj,Thunderstruck,0.000147,0.0117,0.89,0.0364,0.217,-5.175,0.502,133.52,0.259
414,spotify:track:2SiXAy7TuUkycRVbbWDEpo,You Shook Me All Night Long,0.00287,0.000513,0.767,0.0574,0.39,-5.509,0.532,127.361,0.755
415,spotify:track:7LRMbd3LEoV5wZJvXT1Lwb,T.N.T.,0.153,0.000108,0.759,0.302,0.101,-5.218,0.754,126.366,0.435
416,spotify:track:2d4e45fmUnguxh6yqC7gNT,Dirty Deeds Done Dirt Cheap,0.214,0.00245,0.906,0.17,0.135,-4.881,0.668,135.653,0.507
417,spotify:track:69QHm3pustz01CJRwdo20z,Hells Bells,0.00532,0.0055,0.873,0.0475,0.273,-4.768,0.389,106.767,0.303
418,spotify:track:0C80GCp0mMuBzLf3EAXqxv,Shoot to Thrill,0.000239,0.0879,0.904,0.0747,0.396,-5.303,0.457,141.038,0.48
419,spotify:track:7nemcVsXVFZF01iqpIIo2Y,It's a Long Way to the Top (If You Wanna Rock 'N' Roll),0.133,0.0538,0.863,0.0894,0.0553,-3.551,0.456,135.962,0.532
420,spotify:track:4feXJ5IC3avXsVW9WNFSag,Rock N Roll Train,0.000998,0.0118,0.931,0.0615,0.278,-2.356,0.547,118.4,0.697
426,spotify:track:1Z39z6MnZqemvR9wnFgvix,Relator,0.138,0.0,0.816,0.297,0.17,-6.078,0.644,93.837,0.801
427,spotify:track:2tr9JHGOa5ZRar7IedAiQc,The Moon Song - Film Version,0.994,0.000662,0.0654,0.0405,0.106,-17.089,0.626,95.303,0.724
431,spotify:track:6mFkJmJqdDVQ1REhVfGgd1,Wish You Were Here,0.735,0.0114,0.262,0.0414,0.832,-15.73,0.481,122.861,0.375
432,spotify:track:4gMgiXfqyzZLMhsksGmbQV,"Another Brick in the Wall, Pt. 2",0.0782,0.000694,0.394,0.0428,0.247,-15.882,0.693,104.114,0.721
433,spotify:track:5HNCy40Ni5BZJFw1TKzRsC,Comfortably Numb,0.15,0.312,0.366,0.0286,0.0837,-12.595,0.472,127.163,0.171
434,spotify:track:0vFOzaXqZHahrZp6enQwQb,Money,0.024,0.00199,0.536,0.144,0.269,-10.422,0.468,126.256,0.785
435,spotify:track:3TO7bbrUKrOSPGRTB5MeCz,Time,0.521,0.0043,0.48,0.0841,0.178,-11.79,0.359,120.285,0.355
436,spotify:track:0GqGrPWhmiRX9BU93AYFOW,Wish You Were Here,0.731,0.000508,0.278,0.0513,0.284,-15.557,0.497,120.931,0.293
437,spotify:track:2ctvdKmETyOzPb2GiJJT53,Breathe (In the Air),0.389,0.728,0.373,0.0346,0.143,-15.142,0.431,128.153,0.253
438,spotify:track:7F02x6EKYIQV3VcTaTm7oN,Hey You,0.223,0.00216,0.302,0.0293,0.128,-14.976,0.587,112.46,0.19
439,spotify:track:6pnwfWyaWjQiHCKTiZLItr,Shine On You Crazy Diamond (Pts. 1-5),0.772,0.686,0.294,0.028,0.107,-11.941,0.264,137.937,0.0402
440,spotify:track:05uGBKRCuePsf43Hfm0JwX,Brain Damage,0.0732,0.341,0.265,0.0302,0.366,-13.398,0.324,133.568,0.208
441,spotify:track:7L3b6iaVhDVjfo52Hbvh9Z,Edge of Seventeen - 2016 Remaster,0.327,5.98e-06,0.804,0.0454,0.0818,-7.299,0.591,111.457,0.658
442,spotify:track:1Tip6R4swhC7E6hgILBjrE,Edge of Midnight (Midnight Sky Remix) (feat. Stevie Nicks),0.0291,7.16e-06,0.737,0.0384,0.0856,-5.246,0.681,109.95,0.278
443,spotify:track:66LhCsc06aTa2Ig7iYPDSP,Stop Draggin' My Heart Around (with Tom Petty and The Heartbreakers) - 2016 Remaster,0.379,0.00273,0.597,0.026,0.146,-7.382,0.631,107.26,0.665
444,spotify:track:2npStoMbQxG1LcIeF4PZrj,Leather and Lace (with Don Henley),0.664,0.0,0.398,0.0303,0.114,-11.67,0.553,76.074,0.392
445,spotify:track:0QVlQTzp10Tj4Xql9ZRJzo,Rooms on Fire,0.0731,0.000179,0.921,0.041,0.443,-4.676,0.615,126.947,0.744
446,spotify:track:7kXM2obnaUVl014k00cdhF,Leather and Lace - 2016 Remaster,0.639,0.0,0.432,0.0298,0.104,-9.327,0.49,153.753,0.367
447,spotify:track:6sleEAnBH0sZMe0pOQNidG,Stand Back,0.00736,0.0447,0.783,0.0435,0.0381,-9.455,0.638,115.269,0.637
448,spotify:track:1PAnGhRo2tHpM2DNibEEe6,Has Anyone Ever Written Anything for You,0.951,0.0759,0.149,0.0257,0.153,-15.795,0.529,86.921,0.178
449,spotify:track:3MhtDiOUmoL5Yw3uh9asB1,The Dealer,0.0358,0.000375,0.78,0.0284,0.0754,-6.401,0.704,121.939,0.456
450,spotify:track:2iA9swOmMhBUFdbflno6GE,Crystal - 2019 Remaster,0.189,0.000298,0.281,0.0327,0.196,-11.207,0.326,125.471,0.196
454,spotify:track:2Rbq28aQomoEswOXeK27CE,Love Song to the Earth,0.032,0.0,0.629,0.0341,0.0777,-7.243,0.377,140.044,0.14
461,spotify:track:6GqqGv8frU7kqzXkm2rewI,A Little Bit Off,0.00839,0.0,0.828,0.0404,0.294,-6.053,0.664,103.985,0.82
462,spotify:track:51lcM37Li2HOhk8F8kPwUv,AfterLife,0.000645,5.7e-06,0.989,0.0597,0.342,-4.212,0.473,93.988,0.327
463,spotify:track:7uIF6RDrW2PwvvYEMkanr8,Bad Company,0.000595,9.91e-05,0.886,0.0482,0.0904,-4.196,0.558,114.041,0.171
464,spotify:track:5MjkeHk6I0JA0q13eqtnJP,Jekyll and Hyde,0.00058,1.99e-05,0.96,0.106,0.0531,-4.681,0.544,154.966,0.718
465,spotify:track:0gMTjqQCHmQpCqmmeCy2wP,Wrong Side of Heaven,0.00685,0.0,0.926,0.0666,0.288,-5.123,0.482,150.014,0.529
466,spotify:track:6RksBSj5fFtPkUnL2EE0oe,Darkness Settles In,0.00732,0.0,0.933,0.09,0.264,-4.49,0.334,132.812,0.18
467,spotify:track:2gsxeJnGbJQkBddBDr0UTV,Living The Dream,0.000839,0.0,0.988,0.113,0.137,-3.466,0.416,174.995,0.47
468,spotify:track:163Kb2pSLLduhfbO6Zn0sL,Inside Out,0.00191,0.0,0.991,0.15,0.121,-2.855,0.476,82.997,0.202
469,spotify:track:0JHREzo9WzIP4vyybhSKPa,Blue on Black,0.00182,1.72e-05,0.871,0.0349,0.0832,-4.911,0.448,156.049,0.404
470,spotify:track:3EO0js63QHQQPqJt1TgBLQ,Lift Me Up,9.68e-05,0.0,0.985,0.141,0.209,-4.165,0.521,75.013,0.151
471,spotify:track:1fvlJQrm3yoN2TpKH5FgiR,Tears of the Dragon - 2001 Remastered Version,0.00386,1.47e-06,0.62,0.0265,0.114,-7.458,0.496,140.06,0.279
472,spotify:track:64og4LmCUQRq4wvZeMdKdh,Tears of the Dragon - Acoustic Chillout; 2001 Remastered Version,0.0388,0.0,0.479,0.0254,0.118,-8.624,0.507,139.68,0.107
473,spotify:track:2LGcorvZNs37Vzbto5aaoa,All the Young Dudes,0.0117,0.0,0.776,0.0364,0.349,-6.934,0.523,80.433,0.469
474,spotify:track:7a19y3FBr1qbTPWHsCokoW,Navigate the Seas of the Sun,0.127,0.0,0.619,0.0242,0.172,-8.096,0.525,92.501,0.381
475,spotify:track:4g509OtDJqPkrnYufCyzuq,Road to Hell - 2001 Remastered Version,0.0024,1.43e-05,0.947,0.0998,0.364,-5.261,0.54,94.082,0.709
476,spotify:track:3dlabxdfwsH6Ot8wWEqFGJ,Man of Sorrows - 2001 Remaster,0.0428,4.51e-05,0.674,0.029,0.103,-6.471,0.485,72.438,0.224
477,spotify:track:4AgmNBqRvAFU8nfP2u1SWQ,Change of Heart - 2001 Remastered Version,0.0593,0.0,0.543,0.0321,0.055,-11.399,0.626,94.248,0.333
478,spotify:track:4lhsFmmWIPk3cSK0wuazzu,Tattooed Millionaire,0.00562,0.0,0.944,0.0601,0.366,-6.368,0.501,130.31,0.652
479,spotify:track:7hVHgiv8Iwkxt9bVlhx1Ts,Chemical Wedding - 2001 Remaster,0.00256,9e-06,0.821,0.0364,0.154,-4.559,0.274,73.222,0.301
480,spotify:track:7K1yQ1Kb5mk5EVsuPt0cIA,Arc of Space - 2001 Remastered Version,0.351,0.0,0.424,0.0271,0.105,-8.861,0.457,137.769,0.134
481,spotify:track:59yE5Hg5TSz86CoasCpDQw,We Rock,2.72e-05,0.00452,0.971,0.0983,0.0872,-3.937,0.383,154.914,0.404
482,spotify:track:22kRZc7eBOD2LAwLJCnCys,Dying Song,0.000668,0.0198,0.877,0.0476,0.0946,-4.513,0.279,112.494,0.328
483,spotify:track:7eneUniG2dwSEvkSlB5qtv,Bound by Silence,3.01e-05,7.63e-05,0.963,0.0553,0.075,-4.564,0.362,141.253,0.735
484,spotify:track:6cKOd2fEKa5xXAEMjliGmT,Gift of Pain,7.68e-05,0.581,0.977,0.101,0.37,-4.664,0.297,105.891,0.184
485,spotify:track:2u3IWaBkJDKHmlTFVXsXR2,Can't Kill the Devil,1.38e-05,0.114,0.985,0.1,0.106,-4.535,0.481,94.935,0.204
486,spotify:track:5ng8LbNGx843f7JyW2ywpA,Mother of Sin,1.29e-05,0.555,0.992,0.0919,0.295,-4.209,0.32,119.982,0.29
487,spotify:track:2VBA1Af6pSYWNTy9H6hKGL,Let Darkness Fall,0.000533,0.21,0.888,0.0622,0.075,-5.356,0.284,93.906,0.226
488,spotify:track:1rRLCEJXk4ea23EOxoL3Gi,"Power Drunk Majesty, Pt. 2",0.000313,0.102,0.963,0.057,0.255,-4.659,0.542,97.01,0.471
489,spotify:track:2jlmJ1pxqrN17aKvZnRSyf,The Accuser,2.11e-05,0.566,0.985,0.0824,0.0537,-5.114,0.399,94.233,0.224
490,spotify:track:6R54a08oOZroEiEaTRxHI1,Voodoo of the Godsend,0.000281,0.805,0.977,0.0532,0.146,-4.603,0.546,107.999,0.355
491,spotify:track:3uZFSiCurXd9Jm3OIfxmAb,Let Them Eat Metal,0.0014,0.00575,0.721,0.0305,0.203,-6.35,0.626,116.414,0.493
492,spotify:track:6Nn0ilDafmU5EsSuVDiXKw,Metal Will Never Die (Bonus Track),0.000372,2.86e-05,0.818,0.0413,0.121,-2.031,0.375,75.966,0.411
493,spotify:track:3WF4PlsNx14K723Mgwoosn,Too Hot to Stop,0.00133,0.838,0.93,0.0466,0.235,-6.904,0.543,137.511,0.524
494,spotify:track:35f40WckAGomhkLxlCelQc,Hurricane,1.5e-05,0.889,0.949,0.0624,0.215,-4.599,0.405,94.422,0.188
495,spotify:track:5hMndO0KAcs6cKI89Lzbes,The Code,0.000783,7.73e-06,0.878,0.0812,0.272,-5.654,0.526,95.985,0.489
496,spotify:track:6fn5kWKOKmjvmlez65SghS,White Lightning,0.000749,0.102,0.948,0.0721,0.0698,-6.438,0.5,144.401,0.374
497,spotify:track:3fJ7Ao8qM4h0AWxKoBmNEb,Power Lover,0.000562,0.083,0.898,0.203,0.251,-6.5,0.342,89.533,0.564
498,spotify:track:1TQEMRyYNYXVMEn3ICEkrM,Wild Dogs,5.37e-05,0.973,0.992,0.0753,0.485,-7.427,0.161,181.826,0.0752
499,spotify:track:4djf77CdXA6zqjLiYZwPby,Nuclear Skies,0.00878,0.0715,0.734,0.0363,0.16,-7.349,0.616,110.838,0.302
500,spotify:track:3S9cx6A8bm3au5u07mqhbC,Waiting for Tomorrow,0.00109,0.85,0.903,0.043,0.185,-8.055,0.505,127.118,0.52
501,spotify:track:7ACxUo21jtTHzy7ZEV56vU,Crazy Train,0.408,0.000271,0.913,0.107,0.248,-4.008,0.454,137.688,0.521
502,spotify:track:0S3gpZzlT9Hb7CCSV2owX7,"Mama, I'm Coming Home",0.0105,0.0,0.656,0.0302,0.0892,-6.557,0.282,139.352,0.242
503,spotify:track:7w6PJe5KBPyvuRYxFkPssC,No More Tears,0.00167,8.86e-05,0.749,0.035,0.648,-6.506,0.346,102.591,0.315
504,spotify:track:2E7W1X4maFFcjHrVrFA7Vs,Bark at the Moon,0.00253,6.2e-05,0.961,0.243,0.132,-5.333,0.303,146.591,0.305
505,spotify:track:5axOkQnmQmwtjr4bv1Xt7i,I Don't Wanna Stop,0.000963,2.25e-06,0.937,0.0724,0.4,-3.926,0.578,137.937,0.769
506,spotify:track:2ov8L95QD25TLpZAZPYWXL,Mr. Crowley,0.212,0.000153,0.748,0.0568,0.368,-6.514,0.307,108.227,0.347
507,spotify:track:31dqpLUModJWNbxrXu6TWd,Shot in the Dark,0.00835,6.02e-05,0.791,0.0324,0.142,-7.262,0.581,123.887,0.619
508,spotify:track:78PKCefXwDLbl4FVO1Pjzh,Dreamer,0.0629,2.49e-06,0.636,0.0256,0.0921,-7.408,0.493,79.419,0.279
509,spotify:track:43thLwzSasUUZEYjYPeJh3,Close My Eyes Forever,0.31,2.82e-06,0.331,0.0305,0.172,-14.884,0.476,130.574,0.24
510,spotify:track:4nvYDy427VvA1TcEkdgZII,Hellraiser,0.00024,0.000282,0.852,0.0344,0.228,-6.348,0.397,96.064,0.506
511,spotify:track:5WrAMHyOgzpeI4g4I1Cdy0,Stroker Ace,0.0969,0.604,0.568,0.133,0.109,-9.834,0.844,80.007,0.378
512,spotify:track:5Cn3YhWt002bD648xjHnhr,To Catch a Thief,0.175,0.584,0.539,0.0723,0.0698,-7.593,0.684,79.002,0.748
513,spotify:track:76ICL8DY0BvBiEgWT3dQdS,Book of the Month,0.226,0.878,0.516,0.0426,0.11,-9.602,0.666,89.47,0.603
514,spotify:track:7598jXG1Fc50oG2aaZQiGf,Sex - I'm a,0.326,0.203,0.607,0.252,0.14,-8.593,0.374,168.524,0.484
515,spotify:track:0zgQdCrmcqNlXdxrvREA8r,Pit Stop - Take Me Home,0.325,0.913,0.573,0.0265,0.158,-7.459,0.68,88.494,0.332
516,spotify:track:0V4uOQHH8aVMwyuxYZpIFV,Strangers on a Train,0.134,0.631,0.498,0.0295,0.119,-8.202,0.776,86.332,0.875
517,spotify:track:6kt6kkMZOWPbxgSUNuDe4T,Anger Management,0.6,0.727,0.58,0.113,0.125,-8.843,0.702,76.008,0.717
518,spotify:track:6X2JdCAjdTmuYWQnmN8yUZ,Lifeboat,0.373,0.473,0.514,0.0333,0.135,-11.519,0.548,77.951,0.435
519,spotify:track:5yGAtvmSwEOjfyLjjREAyy,Everyone Has a Summer,0.171,0.112,0.614,0.209,0.0747,-11.278,0.631,168.125,0.591
520,spotify:track:295v1gr3K2iTWTDhBFOGGw,Pit Stop (Take Me Home) - Instrumental,0.0791,0.753,0.531,0.0354,0.128,-8.275,0.663,88.501,0.336
521,spotify:track:56ZbCQAF9wI2fphk28bijK,Hammer the Nails,0.00019,0.0074,0.998,0.16,0.0511,-4.726,0.383,205.036,0.105
522,spotify:track:6qJltWOE8ARhn91oK79I0Q,"If James Hetfield Can Stay Straight Edge, Anyone Can",0.000128,5.4e-06,0.971,0.13,0.299,-4.098,0.357,195.071,0.459
523,spotify:track:2z0qjyvKpB1yj61aLn5ATd,"No Donnie, These Men are Straight Edge",0.00508,1.29e-05,0.961,0.0969,0.0492,-4.036,0.495,100.494,0.447
524,spotify:track:6KM1NWXmJfcVlF68PgSR39,Butt Hash,0.0052,0.0,0.946,0.315,0.357,-5.383,0.367,144.949,0.353
525,spotify:track:4Q9B4VNgTn4JkhowdYscdo,1 Out of 3 Has a STD,0.000669,0.00023,0.987,0.217,0.0606,-4.02,0.273,176.768,0.296
526,spotify:track:1zdkT1SM0DsZ94tYx1TrBI,Lessons,0.00508,0.00188,0.981,0.234,0.0795,-4.13,0.343,105.88,0.16
527,spotify:track:6sp6EoB1bqtaLRQUpSqIXu,Coke Bongs and Sing- A- Longs,0.00386,0.000293,0.981,0.16,0.102,-3.955,0.348,97.963,0.372
528,spotify:track:7IPUsAc8v5Dy2AhYBre1Yl,Between the Devil and the Deep Blue Sea,3.42e-05,0.0133,0.995,0.104,0.468,-4.833,0.36,175.05,0.17
529,spotify:track:10zeulgcSIZxIU2MIy6dDp,Louisa,0.000122,0.121,0.992,0.0966,0.0548,-3.462,0.425,102.547,0.251
530,spotify:track:6uTYMyZIseKVW61zUtRbZr,Nothing to Lose,0.00111,0.000276,0.981,0.163,0.151,-4.171,0.486,76.082,0.296
531,spotify:track:4eD48Ur3heQtP8ZGzl7buk,I Don't Care,0.00833,0.0,0.792,0.0413,0.131,-4.388,0.274,179.067,0.092
532,spotify:track:6v33q77HxYqtymxLB7gWmF,I Don't Care - US Version,0.000953,0.0,0.734,0.0416,0.0874,-4.972,0.33,178.986,0.256
533,spotify:track:1JrtC2ubRFV2xB79J3UY1Z,I'm Not Jesus - International Version,0.00017,0.00302,0.856,0.0331,0.12,-3.943,0.509,84.542,0.535
534,spotify:track:1mCNkrKh9NEgxJWUqHnEgo,Not Strong Enough,0.00183,0.0,0.829,0.047,0.119,-3.834,0.354,163.958,0.195
535,spotify:track:2a8ND713OfNIdlJD1p8jB3,Someone To Talk To (feat. Apocalyptica),0.101,0.0,0.595,0.032,0.342,-6.797,0.433,74.989,0.24
536,spotify:track:00i9VF7sjSaTqblAuKFBDO,Talk To Me (feat. Lzzy Hale),0.00329,0.0,0.877,0.0602,0.222,-5.865,0.409,177.928,0.403
538,spotify:track:5pUAyAxO3yfmqPo0Mytxna,Helden,0.000205,0.497,0.836,0.0436,0.23,-4.549,0.435,113.036,0.0523
539,spotify:track:2mPpPlCJKhjojKylWEs4ZC,Broken Pieces,0.000687,0.0,0.746,0.0377,0.131,-4.233,0.481,85.934,0.545
540,spotify:track:6W4pRJhZhyO3rz9vTITKRB,Angels Calling,0.000119,0.0201,0.947,0.0785,0.116,-6.658,0.448,124.045,0.0835
541,spotify:track:7xDAU9IAMyWjl7ia3hRxs7,Blvd. Nights,0.000214,0.921,0.784,0.0474,0.111,-4.45,0.26,78.85,0.101
542,spotify:track:6lj90SlDI7l1xDLVuxEFDH,Ever (Foreign Flag),0.000847,0.108,0.719,0.0328,0.109,-5.842,0.562,74.516,0.16
543,spotify:track:0yzjqS9Ya9tE0QAYizgpNe,Ataraxia,0.0116,0.894,0.966,0.0504,0.235,-5.1,0.508,121.996,0.472
544,spotify:track:1ncUuvs2dAdpuyhhMgHdgQ,Your Skull Is Red,7.67e-06,0.778,0.872,0.0487,0.262,-5.966,0.174,134.54,0.134
545,spotify:track:145MXdLkTiy1siGWfQh4ih,Princeton Review,0.00479,0.753,0.656,0.0332,0.153,-9.8,0.485,172.053,0.126
546,spotify:track:2VqqujOR7u0rTs3ZTNFI24,Ever Since WWI,0.0526,0.00938,0.7,0.0317,0.113,-7.404,0.363,146.193,0.277
547,spotify:track:4IXaR1dkVdm6VC897ROiZO,Our Ride to the Rectory,0.0383,0.0411,0.762,0.0365,0.313,-7.997,0.501,83.941,0.0665
548,spotify:track:3SyzUB8LeQxplnbWTVYTVj,11-Nov,0.0393,0.365,0.58,0.0265,0.111,-7.745,0.705,131.877,0.303
549,spotify:track:3EpLTOcpmEPVnI1D2qyCwj,Formant - Live,0.0479,0.425,0.468,0.0376,0.705,-9.155,0.388,128.814,0.112
550,spotify:track:4St2IxSCyEAjBRSpTzHuKH,Your Skull Is Red - Live,0.00334,0.307,0.893,0.188,0.699,-7.38,0.231,137.841,0.0398
551,spotify:track:6EPRKhUOdiFSQwGBRBbvsZ,Ace of Spades,0.000852,0.000118,0.974,0.135,0.0904,-8.77,0.329,140.862,0.234
552,spotify:track:4cuPWrSsjNLAkYRJwQLCzt,Killed by Death,0.00854,0.000437,0.942,0.0442,0.491,-8.052,0.387,134.558,0.251
553,spotify:track:2zSpaFB7e0Yo1QKsDQ22Ol,The Game (Triple H),0.00653,0.0,0.978,0.122,0.0958,-2.123,0.303,170.286,0.28
554,spotify:track:3zeQSYzaN9kLVypKWr6yUi,God Was Never on Your Side,0.161,0.000634,0.887,0.0877,0.103,-4.629,0.291,175.921,0.183
555,spotify:track:72vjPBpLyuwS5ik1y1E5YE,Heroes,0.000194,0.611,0.955,0.0556,0.0954,-5.55,0.464,124.993,0.312
556,spotify:track:0BW3ImhGyAdbM62rHPyNNB,Hellraiser - 30th Anniversary Edition,0.00329,2.93e-05,0.905,0.0428,0.115,-5.12,0.622,96.049,0.441
557,spotify:track:3Staqm5EYDnYBqcwuxrWjZ,Overkill,5.44e-06,0.0185,0.866,0.112,0.0961,-7.885,0.266,119.41,0.211
558,spotify:track:1DhCdQMyNLklKGxBheRFxL,In the Name of Tragedy,0.000106,2.13e-06,0.994,0.0824,0.102,-4.836,0.449,149.91,0.447
559,spotify:track:7Ei4LhQ8BeTfjsPY7FINZS,Born To Raise Hell,0.00355,0.000314,0.957,0.0792,0.0687,-3.964,0.416,137.873,0.751
560,spotify:track:7akyedgeVgZeT6oD77nyHn,Love Me Forever,0.459,0.0147,0.706,0.0511,0.159,-7.445,0.233,125.694,0.255
561,spotify:track:1TrGdXSgiBm8W68D2K1COG,Cross Road Blues,0.93,0.000261,0.311,0.0525,0.102,-11.959,0.675,97.159,0.638
562,spotify:track:1QCUrXrY1qlxRhL3a9LYCA,Me and the Devil Blues,0.931,0.000163,0.111,0.0873,0.107,-13.805,0.717,82.181,0.15
563,spotify:track:2wPHe2ecCdkT0ly0km12g4,Sweet Home Chicago,0.98,1.61e-05,0.0958,0.143,0.0931,-13.9,0.691,101.574,0.519
564,spotify:track:10W125nMbncRGcXRBoACOx,Come On In My Kitchen,0.927,2.37e-06,0.0643,0.175,0.0991,-15.305,0.556,81.673,0.283
565,spotify:track:33hrofhwmIk6hrnkpbCsmq,Cross Road Blues - Take 1,0.978,0.000683,0.186,0.0604,0.0895,-16.121,0.702,106.793,0.576
566,spotify:track:4vrPulRxzgljqsYtgGQrpk,They're Red Hot - SA.2627-1,0.913,0.0,0.244,0.369,0.0879,-14.235,0.73,114.782,0.734
567,spotify:track:6xvY8RthrKhbkY3lxxH752,Love in Vain - Take 1,0.96,1.03e-06,0.0413,0.0829,0.104,-18.767,0.74,89.864,0.477
568,spotify:track:4RzFnBP0EDGpX9CfUdLTda,Walkin' Blues,0.931,3.53e-06,0.187,0.0755,0.15,-13.954,0.679,107.437,0.447
569,spotify:track:3pS6HIZimRIBMrQU6vRfpp,Traveling Riverside Blues,0.936,0.000795,0.0908,0.0815,0.365,-14.334,0.721,110.684,0.335
570,spotify:track:2KkJj006V93x8d9dXpgmIg,Hellhound on My Trail,0.976,3.15e-05,0.169,0.0377,0.133,-13.852,0.546,96.297,0.549
571,spotify:track:4dASQiO1Eoo3RJvt74FtXB,"Sucker for Pain (with Wiz Khalifa, Imagine Dragons, Logic & Ty Dolla $ign feat. X Ambassadors)",0.255,0.0,0.786,0.317,0.65,-4.378,0.502,169.021,0.739
575,spotify:track:1hs54MGy1J69I52GvzsrbB,Poison (feat. Lil Wayne),0.179,0.0,0.485,0.322,0.368,-8.477,0.549,112.029,0.626
580,spotify:track:3JJL91ilRV6fXhKqu0FGXs,HOT WIND BLOWS (feat. Lil Wayne),0.601,0.0,0.75,0.402,0.482,-5.382,0.371,173.456,0.729
581,spotify:track:2LIh4uzqq9cXMPzzmcToHl,Lost on You,0.1,0.0,0.724,0.0372,0.0918,-6.126,0.433,174.006,0.689
582,spotify:track:7ohDUXs6SsU3XjTI9pcKTS,When We're High,0.0214,6.56e-06,0.739,0.0383,0.114,-5.186,0.754,112.996,0.573
583,spotify:track:5AOqxn4l8BHO0or40XxCuh,Girls Go Wild,0.0482,0.00426,0.868,0.046,0.0709,-4.363,0.711,122.029,0.795
584,spotify:track:2YawaiNvwx5dQq41F24iqJ,Other People,0.0842,0.0,0.677,0.0259,0.144,-4.679,0.55,90.992,0.489
585,spotify:track:7yEdqN44nhoAUco674ChDg,Tightrope,0.134,0.0,0.823,0.0763,0.11,-4.192,0.472,159.888,0.41
586,spotify:track:1wMpTjS9cNpdmxgJloFG30,Forever for Now,0.904,0.00149,0.341,0.0305,0.0953,-10.072,0.547,137.052,0.0647
587,spotify:track:35LlWyY6u5ajhNbHkalXkB,Halo - Live,0.00666,0.0,0.72,0.0534,0.674,-8.605,0.424,145.0,0.0523
588,spotify:track:28t0Fp23qgptKwnTn55Hq2,Muddy Waters,0.394,3.41e-06,0.484,0.0701,0.308,-7.802,0.509,125.0,0.249
589,spotify:track:1a5P7IvLUhRhLnnbkev3PI,Recovery,0.274,2.31e-05,0.545,0.0385,0.183,-7.893,0.518,75.06,0.162
590,spotify:track:26b3jonRe7liPsNAnzxVOX,Strange,0.104,0.0,0.666,0.0803,0.113,-5.986,0.378,79.797,0.247
592,spotify:track:612VcBshQcy4mpB2utGc3H,"Tears in Heaven - Acoustic; Live at MTV Unplugged, Bray Film Studios, Windsor, England, UK, 1/16/1992; 2013 Remaster",0.8,0.00264,0.336,0.0313,0.701,-12.999,0.695,79.109,0.422
593,spotify:track:3BEZCNZSmVv30vsMNSOCri,"Layla - Acoustic; Live at MTV Unplugged, Bray Film Studios, Windsor, England, UK, 1/16/1992; 2013 Remaster",0.321,0.000952,0.524,0.0459,0.94,-11.626,0.558,93.654,0.636
596,spotify:track:6BQNJ0JFKh8sWjQLI6Zudi,Change the World,0.492,0.00563,0.558,0.0246,0.113,-8.8,0.721,96.887,0.542
598,spotify:track:1kgdslQYmeTR4thk9whoRw,Tears in Heaven,0.835,0.536,0.242,0.0257,0.133,-12.238,0.498,153.744,0.312
600,spotify:track:618hiI74zBL8UVgAvfmkLj,Riding with the King,0.384,0.0,0.796,0.0322,0.296,-6.202,0.462,204.028,0.824
610,spotify:track:0rXZu998CXslEpwhxdHzeu,The Man I Love,0.886,5.83e-06,0.214,0.0539,0.0933,-13.655,0.432,204.426,0.274
611,spotify:track:6HSXNV0b4M4cLJ7ljgVVeh,Knockin' On Heaven's Door,0.251,0.177,0.396,0.0299,0.11,-13.061,0.513,140.208,0.229
612,spotify:track:3AhXZa8sUQht0UEdBJgpGc,Like a Rolling Stone,0.731,0.0,0.721,0.0321,0.189,-6.839,0.482,95.263,0.557
613,spotify:track:18GiV1BaXzPVYpp9rmOg0E,Blowin' in the Wind,0.914,2.32e-05,0.0993,0.0509,0.0605,-20.567,0.38,174.874,0.44
614,spotify:track:1lqMLr9Wj7SM2F9AikGcxN,Hurricane,0.0409,0.0,0.827,0.0782,0.12,-7.715,0.509,135.601,0.743
615,spotify:track:4K1imZQQ0yKtJ40vGmUajS,Girl from the North Country,0.843,0.000197,0.142,0.0382,0.121,-23.455,0.607,118.867,0.305
616,spotify:track:52vA3CYKZqZVdQnzRrdZt6,The Times They Are A-Changin',0.887,0.0,0.396,0.0332,0.0828,-7.999,0.389,171.86,0.585
617,spotify:track:2WOjLF83vqjit2Zh4B69V3,"Don't Think Twice, It's All Right",0.89,0.0022,0.243,0.0366,0.249,-17.085,0.6,110.535,0.468
618,spotify:track:3RkQ3UwOyPqpIiIvGVewuU,Mr. Tambourine Man,0.794,0.0,0.31,0.0676,0.379,-14.545,0.39,177.515,0.584
619,spotify:track:4uYwlMp841PLJmj1gJJwIq,"Lay, Lady, Lay",0.356,0.00344,0.179,0.0454,0.131,-21.976,0.52,155.746,0.407
620,spotify:track:6Vcwr9tb3ZLO63F8DL8cqu,Tangled up in Blue,0.414,1.16e-06,0.661,0.0433,0.0962,-13.126,0.421,100.965,0.554
621,spotify:track:5MTsZG10E0hTvAkdioyPnw,Feels Like Rain (feat. Bonnie Raitt),0.44,0.000721,0.348,0.0294,0.235,-13.454,0.572,73.304,0.34
622,spotify:track:2FtX5tOFUVOyjcGQiuGR8f,"Damn Right, I've Got the Blues",0.0488,0.065,0.921,0.0758,0.314,-5.64,0.353,145.589,0.526
623,spotify:track:1TkliUZNnCeTjZMWPuUoPK,Mustang Sally (feat. Jeff Beck),0.0412,0.000308,0.934,0.0342,0.0882,-3.711,0.613,107.274,0.776
625,spotify:track:37mWDk2nTyx0eon0AkdOKQ,Flesh & Bone (Dedicated to B.B. King) (with Van Morrison),0.729,0.00647,0.55,0.0286,0.101,-4.837,0.406,141.324,0.241
626,spotify:track:3Ug51eYATZ487NwOaTbpAJ,"Whiskey, Beer & Wine",0.349,0.0423,0.767,0.0268,0.103,-5.787,0.683,93.954,0.646
628,spotify:track:1amH1FjaNDAaZVpHWzcztW,Ain't No Sunshine,0.535,0.0143,0.421,0.0421,0.112,-8.553,0.666,79.918,0.435
629,spotify:track:3BkMv30DKcUEOsRbDSAyIq,Cognac (feat. Jeff Beck & Keith Richards),0.227,0.00237,0.707,0.0363,0.0949,-4.772,0.313,175.158,0.537
634,spotify:track:13V8DS8pHLYhSMaTtLmCT7,Smokestack Lightnin',0.861,6.35e-06,0.458,0.038,0.384,-14.715,0.556,144.368,0.769
642,spotify:track:1SF9hCpHJ6gZ6FVz1heNA1,Booze And Blues,0.995,0.0,0.2,0.0343,0.34,-11.108,0.612,81.024,0.661
643,spotify:track:267ICvSKjxRja3XzUIkTLx,"""Ma"" Rainey's Black Bottom",0.992,7.17e-06,0.272,0.0457,0.501,-10.825,0.683,99.951,0.731
644,spotify:track:0Cd4ddM6nSG3Wteu5tj8zg,Dead Drunk Blues,0.982,3.36e-05,0.0869,0.0391,0.103,-13.572,0.601,89.533,0.438
645,spotify:track:3czcSX2L2FmQZX7dQTiEt5,Prove It On Me Blues,0.995,0.0229,0.271,0.1,0.13,-11.719,0.623,105.085,0.535
646,spotify:track:2mFgUOrezBPYhfiEtc1VLX,Stack O' Lee Blues,0.996,0.000411,0.172,0.0328,0.397,-15.855,0.505,90.625,0.545
648,spotify:track:7hR6GheHgeCg02k9hyyMaG,Prove It on Me Blues,0.992,0.0113,0.176,0.148,0.174,-18.217,0.684,109.723,0.644
649,spotify:track:6MgBOnp7zDxpBTx32Ne468,Shave 'Em Dry Blues,0.994,0.0162,0.26,0.0426,0.303,-18.027,0.452,131.759,0.615
658,spotify:track:13mPDke1bFw3xWcDkj1HJp,Bankroll,0.184,0.0,0.672,0.209,0.076,-5.66,0.869,120.954,0.813
668,spotify:track:13mPDke1bFw3xWcDkj1HJp,Bankroll,0.184,0.0,0.672,0.209,0.076,-5.66,0.869,120.954,0.813
678,spotify:track:13mPDke1bFw3xWcDkj1HJp,Bankroll,0.184,0.0,0.672,0.209,0.076,-5.66,0.869,120.954,0.813
688,spotify:track:13mPDke1bFw3xWcDkj1HJp,Bankroll,0.184,0.0,0.672,0.209,0.076,-5.66,0.869,120.954,0.813
692,spotify:track:7MmG8p0F9N3C4AXdK6o6Eb,,,,,,,,,,
697,spotify:track:05SBRd4fXgn8FX7bf8BCAE,,,,,,,,,,
701,spotify:track:24nfEcEdzag7CeRQESSoCg,,,,,,,,,,
702,spotify:track:2FLINm8wjNI3QcsIU6MjoD,,,,,,,,,,
703,spotify:track:582JLMTy2WCHPgKFJ4xCq7,,,,,,,,,,
704,spotify:track:4uB7RmCoM5NAZKMYypDLpz,,,,,,,,,,
705,spotify:track:2akStplTvlqP0P4Y1GaX98,,,,,,,,,,
706,spotify:track:0EszN5bMG6yBcPNIg743Sm,,,,,,,,,,
707,spotify:track:0Rire2V0YESlhKA7VcddzL,,,,,,,,,,
708,spotify:track:4uV1OGherrLYEGrKsL5UEX,,,,,,,,,,
709,spotify:track:77qHjMPIZZ1fRcxf1O1kHJ,,,,,,,,,,
710,spotify:track:0mDzuWAdMes6JPHIpwIGFK,,,,,,,,,,
713,spotify:track:7jKCAmjP2cAn9WxxIVR14Y,,,,,,,,,,
716,spotify:track:5B6082J94hvTWxLjWBIm2g,,,,,,,,,,
718,spotify:track:58e08QJdz9zs7AY2KiiHBt,,,,,,,,,,
719,spotify:track:17Y4HMDNr3FGAAiORjRbGW,,,,,,,,,,
721,spotify:track:18asYwWugKjjsihZ0YvRxO,,,,,,,,,,
722,spotify:track:0bI7K9Becu2dtXK1Q3cZNB,,,,,,,,,,
723,spotify:track:6f3Slt0GbA2bPZlz0aIFXN,,,,,,,,,,
726,spotify:track:76A1RRDEyHKtmV3Vh6PeVN,,,,,,,,,,
727,spotify:track:1bFgMkoazsyZGSflpCzYm6,,,,,,,,,,
731,spotify:track:62MosvjGMQY3HeGPFEsmM1,,,,,,,,,,
733,spotify:track:0GTPmh5G40joBg93vcSQNq,,,,,,,,,,
735,spotify:track:4ga4WvRNhMsIL38pkBbnIN,,,,,,,,,,
741,spotify:track:6Xom58OOXk2SoU711L2IXO,,,,,,,,,,
742,spotify:track:3k3NWokhRRkEPhCzPmV8TW,,,,,,,,,,
743,spotify:track:6Sq7ltF9Qa7SNFBsV5Cogx,,,,,,,,,,
744,spotify:track:1IHWl5LamUGEuP4ozKQSXZ,,,,,,,,,,
745,spotify:track:4tYFy8ALRjIZvnvSLw5lxN,,,,,,,,,,
747,spotify:track:1dm6z1fWB0cErMszU25dy2,,,,,,,,,,
748,spotify:track:41oY4WCTj5kccfesTVFnvN,,,,,,,,,,
749,spotify:track:4gzsuuZypVbxs0Af1LSZyB,,,,,,,,,,
750,spotify:track:2JPLbjOn0wPCngEot2STUS,,,,,,,,,,
751,spotify:track:4IhTXiZLKATmwhMZIb1GQN,,,,,,,,,,
752,spotify:track:2Iyfw8YfKruAagJwGc4G07,,,,,,,,,,
753,spotify:track:18ywhG9EvuMMUIdUWxEqp7,,,,,,,,,,
754,spotify:track:7io1erAh1tMxG5VMBC8rVw,,,,,,,,,,
755,spotify:track:6125RUljDZ9MKwAICmzttp,,,,,,,,,,
756,spotify:track:13CgWZWZ0duVzOrGZTcnKq,,,,,,,,,,
757,spotify:track:0XtrwWT9Klqd5r63ypBgAz,,,,,,,,,,
758,spotify:track:2uTrOSgkY7bPDh7VLeaicM,,,,,,,,,,
759,spotify:track:75sA9kqySGXC9tOae0W0tA,,,,,,,,,,
760,spotify:track:5RSQUFoAIg75ZQKP5zyT8i,,,,,,,,,,
761,spotify:track:1WCEAGGRD066z2Q89ObXTq,,,,,,,,,,
762,spotify:track:5K6Ssv4Z3zRvxt0P6EKUAP,,,,,,,,,,
763,spotify:track:2prnn41CblB8B4yWACDljP,,,,,,,,,,
764,spotify:track:0lHAMNU8RGiIObScrsRgmP,,,,,,,,,,
765,spotify:track:1D2ZNECRd7KIlA4pyOUGsv,,,,,,,,,,
766,spotify:track:0siYMEsGrzzzlWLXK5zJfS,,,,,,,,,,
768,spotify:track:4dTaAiV9xFFCxnPur9c9yL,,,,,,,,,,
769,spotify:track:0uXO2GrNiIb1xHT9LUdxZE,,,,,,,,,,
770,spotify:track:5b2bu6yyATC1zMXDGScJ2d,,,,,,,,,,
771,spotify:track:07ImPoPqKNwqucuPEZooBj,,,,,,,,,,
772,spotify:track:7FCG2wIYG1XvGRUMACC2cD,,,,,,,,,,
773,spotify:track:1pq2CUdMBkl5MX7aDm5Twj,,,,,,,,,,
774,spotify:track:701AA4jldjmxUjOvP5sh1R,,,,,,,,,,
775,spotify:track:39jyqRd1NX7TfzGee5QPQo,,,,,,,,,,
776,spotify:track:5WnPPuttuxYw0jyFnQYpcp,,,,,,,,,,
778,spotify:track:4QG8MQ5LfyZpcKxnqhqEGr,,,,,,,,,,
779,spotify:track:2qb8RPLIVSEMIwKLKDtFfl,,,,,,,,,,
780,spotify:track:2l60Ifj9dzh2h4RQqxUu7K,,,,,,,,,,
781,spotify:track:40YcuQysJ0KlGQTeGUosTC,,,,,,,,,,
782,spotify:track:23L5CiUhw2jV1OIMwthR3S,,,,,,,,,,
783,spotify:track:4e4fqjx0Izh4svvTef1z7e,,,,,,,,,,
784,spotify:track:2oejEp50ZzPuQTQ6v54Evp,,,,,,,,,,
785,spotify:track:04ZTP5KsCypmtCmQg5tH9R,,,,,,,,,,
787,spotify:track:3MoV1UsAJmz64LHqyiRMp0,,,,,,,,,,
788,spotify:track:0OI7AFifLSoGzpb8bdBLLV,,,,,,,,,,
789,spotify:track:0HLhptvI8NozbOHRLNniFz,,,,,,,,,,
790,spotify:track:5fKTWlpV4hT7ujXV45WbtN,,,,,,,,,,
791,spotify:track:0aWMVrwxPNYkKmFthzmpRi,,,,,,,,,,
792,spotify:track:4vLYewWIvqHfKtJDk8c8tq,,,,,,,,,,
793,spotify:track:5vb7At47uO0yPGfmYnAHuw,,,,,,,,,,
794,spotify:track:4zxd4tiXPlWMqoJltbVTbE,,,,,,,,,,
795,spotify:track:1xicvSO4CJ2ymqYgpk7DFh,,,,,,,,,,
796,spotify:track:2x91iJc0UkFcjRMEZ2CoWB,,,,,,,,,,
797,spotify:track:6dRx7OUXfvosnXG3g9lWGi,,,,,,,,,,
799,spotify:track:5o3DSHw1ORhM3lWxqGRvEf,,,,,,,,,,
800,spotify:track:21HG0QIgIcVQ2EZeXubaqL,,,,,,,,,,
809,spotify:track:0RNxWy0PC3AyH4ThH3aGK6,,,,,,,,,,
814,spotify:track:1LGqJ3nvxpVXDWpEzq4DJD,,,,,,,,,,
826,spotify:track:3gMMHNUrq3rPeUfgQcAJ2H,,,,,,,,,,
834,spotify:track:56IQUfsUskt9VHe6YM6kue,,,,,,,,,,
836,spotify:track:3YlIKafSOnFnfjAs1E80ng,,,,,,,,,,
837,spotify:track:6RqomqKVORIwNJCKNxvc3F,,,,,,,,,,
838,spotify:track:6TMoKdGcSIHjLfyzINFB5X,,,,,,,,,,
842,spotify:track:6VTbbVjKOC2qWagIDbkJrC,,,,,,,,,,
844,spotify:track:5CKHhg31HcYYhwUeeGqvhq,,,,,,,,,,
845,spotify:track:39CyGKIFqMzSuynOR8uilD,,,,,,,,,,
848,spotify:track:1x9ahz0ALGHgbN9wwDjmre,,,,,,,,,,
850,spotify:track:5ywoRjfVIlcJiSAxwPT3Pt,,,,,,,,,,
853,spotify:track:1HgMfDaOxx0XkE4ISrC938,,,,,,,,,,
859,spotify:track:3BTUH65LL0kRRED0J0PaV8,,,,,,,,,,
860,spotify:track:0lKUEcJpGcox2NiEVFy9KX,,,,,,,,,,
861,spotify:track:0xMEF2WiqKWTIG7Krjungw,,,,,,,,,,
862,spotify:track:3OOFEF20WqtsUPcRbPY3L7,,,,,,,,,,
863,spotify:track:7aKWgpecgLEqisWcXPElDl,,,,,,,,,,
864,spotify:track:0qgiFuYhYuwtFXEwYakddE,,,,,,,,,,
865,spotify:track:5jhfa76FhqtD3Boij6MAKS,,,,,,,,,,
866,spotify:track:5Cg6S5BXG6lXqjijSK9zFh,,,,,,,,,,
867,spotify:track:2qQCU22yQXKjhytKUBxa59,,,,,,,,,,
868,spotify:track:5OLjhk2db14wAFMmWjrxGw,,,,,,,,,,
869,spotify:track:4G8Eu3EDQZYhHPfJMFCv8V,,,,,,,,,,
870,spotify:track:0qdJUhXtk9u7sdSwfBB5XU,,,,,,,,,,
877,spotify:track:1QlTNF43OyKK9BorIRsJ8o,,,,,,,,,,
893,spotify:track:5sNESr6pQfIhL3krM8CtZn,,,,,,,,,,
901,spotify:track:59nOXPmaKlBfGMDeOVGrIK,,,,,,,,,,
902,spotify:track:3XOalgusokruzA5ZBA2Qcb,,,,,,,,,,
904,spotify:track:1qMMYpVatbRITKCfq1gasi,,,,,,,,,,
905,spotify:track:6wyhUr4Xw8z5uSy0AhoZfU,,,,,,,,,,
906,spotify:track:0VgkVdmE4gld66l8iyGjgx,,,,,,,,,,
907,spotify:track:3FSwpQ9dBZBeBV6UdYHI2R,,,,,,,,,,
908,spotify:track:6OrTKLtcF7EBayOV2QqkSK,,,,,,,,,,
909,spotify:track:1K5KBOgreBi5fkEHvg5ap3,,,,,,,,,,
910,spotify:track:7rWCWzPRftzZTZtIyQtaDU,,,,,,,,,,
926,spotify:track:6kex4EBAj0WHXDKZMEJaaF,,,,,,,,,,
931,spotify:track:59nOXPmaKlBfGMDeOVGrIK,,,,,,,,,,
941,spotify:track:1EJIcDYXwSqipW5dFe4uJz,,,,,,,,,,
942,spotify:track:0rsTDgGRlXKuzSAxcdb4Ns,,,,,,,,,,
943,spotify:track:1sbEeUY8KsdvgiQi26JBFz,,,,,,,,,,
944,spotify:track:4nmD4awtUUCC4AGETpUiuP,,,,,,,,,,
945,spotify:track:3gruCKVuhCsRjs3a3dG8CA,,,,,,,,,,
946,spotify:track:45XhKYRRkyeqoW3teSOkCM,,,,,,,,,,
947,spotify:track:1jYiIOC5d6soxkJP81fxq2,,,,,,,,,,
949,spotify:track:20GrahbI4AzAOWxpYfDKkf,,,,,,,,,,
950,spotify:track:1cEhrSF6EylAEqdhUGuNpX,,,,,,,,,,
951,spotify:track:4QNpBfC0zvjKqPJcyqBy9W,,,,,,,,,,
952,spotify:track:3cHyrEgdyYRjgJKSOiOtcS,,,,,,,,,,
953,spotify:track:2bJvI42r8EF3wxjOuDav4r,,,,,,,,,,
954,spotify:track:0Hf4aIJpsN4Os2f0y0VqWl,,,,,,,,,,
956,spotify:track:62zFEHfAYl5kdHYOivj4BC,,,,,,,,,,
957,spotify:track:4Y7XAxTANhu3lmnLAzhWJW,,,,,,,,,,
958,spotify:track:0OPyDgTRuIdCJ9B4bYSths,,,,,,,,,,
959,spotify:track:3rfhI32Il2hVRKDkuGeeen,,,,,,,,,,
960,spotify:track:1PCvKFPWnTXAe2oaReVUcr,,,,,,,,,,
961,spotify:track:5PjdY0CKGZdEuoNab3yDmX,,,,,,,,,,
969,spotify:track:4j5ffIFh7bFT7GZciP1TCy,,,,,,,,,,
970,spotify:track:0hVXuCcriWRGvwMV1r5Yn9,,,,,,,,,,
